,Company name,Market,Pending submission to authorities,"Submitted, pending authorities’ approval","Approval obtained, pending implementation","Implemented, pending compliance with Paragraph 5.2(c) of PN17",Trading status of listed securities,Status,Source File,_2,_3
1,APFT Berhad,Main – PN17,√,,,,Trading,3 February 2020,5e42765a39fba268f21251a4_Status-of-PN17-and-GN3-Companies-Jan2020.pdf,,
2,Asia Media Group Berhad,Main – PN17,√,,,,Trading,3 February 2020,5e42765a39fba268f21251a4_Status-of-PN17-and-GN3-Companies-Jan2020.pdf,,
3,Barakah Offshore Petroleum Berhad,Main – PN17,√,,,,Trading,3 February 2020,5e42765a39fba268f21251a4_Status-of-PN17-and-GN3-Companies-Jan2020.pdf,,
4,Berjaya Media Berhad,Main – PN17,√,,,,Suspended,3 February 2020,5e42765a39fba268f21251a4_Status-of-PN17-and-GN3-Companies-Jan2020.pdf,,
5,Bertam Alliance Berhad,Main – PN17,√,,,,Trading,3 February 2020,5e42765a39fba268f21251a4_Status-of-PN17-and-GN3-Companies-Jan2020.pdf,,
6,Brahim’s Holdings Berhad,Main – PN17,√,,,,Trading,3 February 2020,5e42765a39fba268f21251a4_Status-of-PN17-and-GN3-Companies-Jan2020.pdf,,
7,China Automobile Parts Holdings Limited,Main – PN17,√,,,,Suspended,Hyperlinks: Announcement dated 3 February 2020,5e42765a39fba268f21251a4_Status-of-PN17-and-GN3-Companies-Jan2020.pdf,,
8,Comintel Corporation Berhad,Main – PN17,√,,,,Trading,4 February 2020,5e42765a39fba268f21251a4_Status-of-PN17-and-GN3-Companies-Jan2020.pdf,,
9,Daya Materials Berhad,Main – PN17,√,,,,Trading,4 February 2020,5e42765a39fba268f21251a4_Status-of-PN17-and-GN3-Companies-Jan2020.pdf,,
10,EKA Noodles Berhad,Main – PN17,,,√,,Trading,3 February 2020,5e42765a39fba268f21251a4_Status-of-PN17-and-GN3-Companies-Jan2020.pdf,,
11,FSBM Holdings Berhad,Main – PN17,√,,,,Trading,3 February 2020,5e42765a39fba268f21251a4_Status-of-PN17-and-GN3-Companies-Jan2020.pdf,,
12,G Neptune Berhad,ACE – GN3,,√,,,Trading,3 February 2020,5e42765a39fba268f21251a4_Status-of-PN17-and-GN3-Companies-Jan2020.pdf,,
13,IDimension Consolidated Berhad,ACE – GN3,√,,,,Trading,3 February 2020,5e42765a39fba268f21251a4_Status-of-PN17-and-GN3-Companies-Jan2020.pdf,,
14,Iqzan Holding Berhad (formerly known as Ire-Tex Corporation Berhad),Main- PN17,√,,,,Trading,3 February 2020,5e42765a39fba268f21251a4_Status-of-PN17-and-GN3-Companies-Jan2020.pdf,,
15,Kinsteel Bhd,Main – PN17,√,,,,Suspended,Hyperlinks: Announcement dated 3 February 2020 Announcement dated 3 February 2020,5e42765a39fba268f21251a4_Status-of-PN17-and-GN3-Companies-Jan2020.pdf,,
16,Lotus KFM Berhad (formerly known as Kuantan Flour Mills Berhad),Main – PN17,,,,√,Trading,3 February 2020,5e42765a39fba268f21251a4_Status-of-PN17-and-GN3-Companies-Jan2020.pdf,,
17,London Biscuits Berhad,Main – PN17,√,,,,Suspended,3 February 2020,5e42765a39fba268f21251a4_Status-of-PN17-and-GN3-Companies-Jan2020.pdf,,
18,MAA Group Berhad,Main – PN17,√,,,,Trading,3 February 2020,5e42765a39fba268f21251a4_Status-of-PN17-and-GN3-Companies-Jan2020.pdf,,
19,Malaysia Pacific Corporation Berhad,Main – PN17,√,,,,Trading,4 February 2020,5e42765a39fba268f21251a4_Status-of-PN17-and-GN3-Companies-Jan2020.pdf,,
20,Multi Sports Holdings Ltd,Main – PN17,√,,,,Suspended,3 February 2020,5e42765a39fba268f21251a4_Status-of-PN17-and-GN3-Companies-Jan2020.pdf,,
21,Scomi Energy Services Berhad,Main – PN17,√,,,,Trading,3 February 2020,5e42765a39fba268f21251a4_Status-of-PN17-and-GN3-Companies-Jan2020.pdf,,
22,Scomi Group Berhad,Main – PN17,√,,,,Trading,3 February 2020,5e42765a39fba268f21251a4_Status-of-PN17-and-GN3-Companies-Jan2020.pdf,,
23,Seacera Group Berhad,Main – PN17,√,,,,Trading,3 February 2020,5e42765a39fba268f21251a4_Status-of-PN17-and-GN3-Companies-Jan2020.pdf,,
24,Sumatec Resources Berhad,Main – PN17,√,,,,Suspended,Hyperlinks: Announcement dated 31 October 2019 Announcement dated 17 October 2019,5e42765a39fba268f21251a4_Status-of-PN17-and-GN3-Companies-Jan2020.pdf,,
25,TH Heavy Engineering Berhad,Main – PN17,√,,,,Trading,3 February 2020,5e42765a39fba268f21251a4_Status-of-PN17-and-GN3-Companies-Jan2020.pdf,,
26,Wintoni Group Berhad,ACE – GN3,√,,,,Suspended,3 February 2020,5e42765a39fba268f21251a4_Status-of-PN17-and-GN3-Companies-Jan2020.pdf,,
1,APFT Berhad,Main – PN17,√,,,,Suspended,1 April 2020,5e8d97865b711a2b4fdfc378_Status-of-PN17-and-GN3-Companies_Mar2020.pdf,,
2,Asia Media Group Berhad,Main – PN17,√,,,,Trading,1 April 2020,5e8d97865b711a2b4fdfc378_Status-of-PN17-and-GN3-Companies_Mar2020.pdf,,
3,Barakah Offshore Petroleum Berhad,Main – PN17,√,,,,Trading,1 April 2020,5e8d97865b711a2b4fdfc378_Status-of-PN17-and-GN3-Companies_Mar2020.pdf,,
4,Berjaya Media Berhad,Main – PN17,√,,,,Suspended,1 April 2020,5e8d97865b711a2b4fdfc378_Status-of-PN17-and-GN3-Companies_Mar2020.pdf,,
5,Bertam Alliance Berhad,Main – PN17,√,,,,Trading,1 April 2020,5e8d97865b711a2b4fdfc378_Status-of-PN17-and-GN3-Companies_Mar2020.pdf,,
6,Brahim’s Holdings Berhad,Main – PN17,√,,,,Trading,1 April 2020,5e8d97865b711a2b4fdfc378_Status-of-PN17-and-GN3-Companies_Mar2020.pdf,,
7,China Automobile Parts Holdings Limited,Main – PN17,√,,,,Suspended,Hyperlinks: Announcement dated 1 April 2020,5e8d97865b711a2b4fdfc378_Status-of-PN17-and-GN3-Companies_Mar2020.pdf,,
8,Comintel Corporation Berhad,Main – PN17,√,,,,Trading,1 April 2020,5e8d97865b711a2b4fdfc378_Status-of-PN17-and-GN3-Companies_Mar2020.pdf,,
9,Daya Materials Berhad,Main – PN17,√,,,,Trading,1 April 2020,5e8d97865b711a2b4fdfc378_Status-of-PN17-and-GN3-Companies_Mar2020.pdf,,
10,EKA Noodles Berhad,Main – PN17,,,√,,Trading,1 April 2020,5e8d97865b711a2b4fdfc378_Status-of-PN17-and-GN3-Companies_Mar2020.pdf,,
11,FSBM Holdings Berhad,Main – PN17,√,,,,Trading,1 April 2020,5e8d97865b711a2b4fdfc378_Status-of-PN17-and-GN3-Companies_Mar2020.pdf,,
12,G Neptune Berhad,ACE – GN3,,√,,,Trading,1 April 2020,5e8d97865b711a2b4fdfc378_Status-of-PN17-and-GN3-Companies_Mar2020.pdf,,
13,IDimension Consolidated Berhad,ACE – GN3,√,,,,Trading,1 April 2020,5e8d97865b711a2b4fdfc378_Status-of-PN17-and-GN3-Companies_Mar2020.pdf,,
14,Iqzan Holding Berhad (formerly known as Ire-Tex Corporation Berhad),Main- PN17,√,,,,Trading,2 April 2020,5e8d97865b711a2b4fdfc378_Status-of-PN17-and-GN3-Companies_Mar2020.pdf,,
15,Kinsteel Bhd,Main – PN17,√,,,,Suspended,1 April 2020,5e8d97865b711a2b4fdfc378_Status-of-PN17-and-GN3-Companies_Mar2020.pdf,,
16,Lotus KFM Berhad (formerly known as Kuantan Flour Mills Berhad),Main – PN17,,,,√,Trading,1 April 2020,5e8d97865b711a2b4fdfc378_Status-of-PN17-and-GN3-Companies_Mar2020.pdf,,
17,London Biscuits Berhad (In Liquidation),Main – PN17,√,,,,Suspended,2 April 2020,5e8d97865b711a2b4fdfc378_Status-of-PN17-and-GN3-Companies_Mar2020.pdf,,
18,MAA Group Berhad,Main – PN17,√,,,,Trading,1 April 2020,5e8d97865b711a2b4fdfc378_Status-of-PN17-and-GN3-Companies_Mar2020.pdf,,
19,Malaysia Pacific Corporation Berhad,Main – PN17,√,,,,Trading,2 April 2020,5e8d97865b711a2b4fdfc378_Status-of-PN17-and-GN3-Companies_Mar2020.pdf,,
20,Nationwide Corporation Berhad,Main – PN17,√,,,,Trading,2 April 2020,5e8d97865b711a2b4fdfc378_Status-of-PN17-and-GN3-Companies_Mar2020.pdf,,
21,Perak Corporation Bhd,Main – PN17,√,,,,Trading,1 April 2020,5e8d97865b711a2b4fdfc378_Status-of-PN17-and-GN3-Companies_Mar2020.pdf,,
22,Scomi Energy Services Berhad,Main – PN17,√,,,,Trading,1 April 2020,5e8d97865b711a2b4fdfc378_Status-of-PN17-and-GN3-Companies_Mar2020.pdf,,
23,Scomi Group Berhad,Main – PN17,√,,,,Trading,1 April 2020,5e8d97865b711a2b4fdfc378_Status-of-PN17-and-GN3-Companies_Mar2020.pdf,,
24,Seacera Group Berhad,Main – PN17,√,,,,Trading,1 April 2020,5e8d97865b711a2b4fdfc378_Status-of-PN17-and-GN3-Companies_Mar2020.pdf,,
25,Sumatec Resources Berhad,Main – PN17,√,,,,Suspended,3 April 2020,5e8d97865b711a2b4fdfc378_Status-of-PN17-and-GN3-Companies_Mar2020.pdf,,
26,TH Heavy Engineering Berhad,Main – PN17,√,,,,Trading,1 April 2020,5e8d97865b711a2b4fdfc378_Status-of-PN17-and-GN3-Companies_Mar2020.pdf,,
27,Wintoni Group Berhad,ACE – GN3,√,,,,Suspended,1 April 2020,5e8d97865b711a2b4fdfc378_Status-of-PN17-and-GN3-Companies_Mar2020.pdf,,
1,Airasia X Berhad,Main – PN17,√,,,,Trading,1 April 2022,624fa27a39fba24fce808e3e_Status_of_PN17_and_GN3_Companies.pdf,,
2,Asia Media Group Berhad,Main – PN17,,√,,,Trading,1 April 2022,624fa27a39fba24fce808e3e_Status_of_PN17_and_GN3_Companies.pdf,,
3,Barakah Offshore Petroleum Berhad,Main – PN17,√,,,,Trading,1 April 2022,624fa27a39fba24fce808e3e_Status_of_PN17_and_GN3_Companies.pdf,,
4,Bertam Alliance Berhad,Main – PN17,,√,,,Trading,1 April 2022,624fa27a39fba24fce808e3e_Status_of_PN17_and_GN3_Companies.pdf,,
5,Brahim’s Holdings Berhad,Main – PN17,√,,,,Trading,1 April 2022,624fa27a39fba24fce808e3e_Status_of_PN17_and_GN3_Companies.pdf,,
6,Capital A Berhad (formerly known as Airasia Group Berhad),Main – PN17,√,,,,Trading,1 April 2022,624fa27a39fba24fce808e3e_Status_of_PN17_and_GN3_Companies.pdf,,
7,China Automobile Parts Holdings Limited,Main – PN17,√,,,,Trading,1 April 2022,624fa27a39fba24fce808e3e_Status_of_PN17_and_GN3_Companies.pdf,,
8,Comintel Corporation Berhad,Main – PN17,,√,,,Suspended,1 April 2022,624fa27a39fba24fce808e3e_Status_of_PN17_and_GN3_Companies.pdf,,
9,Daya Materials Berhad,Main – PN17,,,√,,Trading,1 April 2022,624fa27a39fba24fce808e3e_Status_of_PN17_and_GN3_Companies.pdf,,
10,Dolomite Corporation Berhad,Main – PN17,√,,,,Trading,1 April 2022,624fa27a39fba24fce808e3e_Status_of_PN17_and_GN3_Companies.pdf,,
11,E.A. Technique (M) Berhad,Main – PN17,√,,,,Trading,1 April 2022,624fa27a39fba24fce808e3e_Status_of_PN17_and_GN3_Companies.pdf,,
12,FSBM Holdings Berhad,Main – PN17,√,,,,Trading,1 April 2022,624fa27a39fba24fce808e3e_Status_of_PN17_and_GN3_Companies.pdf,,
13,G Neptune Berhad,ACE – GN3,,√,,,Suspended,1 April 2022,624fa27a39fba24fce808e3e_Status_of_PN17_and_GN3_Companies.pdf,,
14,IDimension Consolidated Berhad,ACE – GN3,,,√,,Trading,1 April 2022,624fa27a39fba24fce808e3e_Status_of_PN17_and_GN3_Companies.pdf,,
15,Iqzan Holding Berhad (formerly known as Ire-Tex Corporation Berhad),Main- PN17,√,,,,Trading,1 April 2022,624fa27a39fba24fce808e3e_Status_of_PN17_and_GN3_Companies.pdf,,
16,Ireka Corporation Berhad,Main – PN17,,,,,Trading,1 April 2022,624fa27a39fba24fce808e3e_Status_of_PN17_and_GN3_Companies.pdf,,
17,Jerasia Capital Berhad,Main- PN17,√,,,,Trading,1 April 2022,624fa27a39fba24fce808e3e_Status_of_PN17_and_GN3_Companies.pdf,,
18,Khee San Berhad,Main- PN17,√,,,,Trading,1 April 2022,624fa27a39fba24fce808e3e_Status_of_PN17_and_GN3_Companies.pdf,,
19,Konsortium Transnasional Berhad,Main – PN17,√,,,,Trading,1 April 2022,624fa27a39fba24fce808e3e_Status_of_PN17_and_GN3_Companies.pdf,,
20,Malaysia Pacific Corporation Berhad,Main – PN17,√,,,,Trading,1 April 2022,624fa27a39fba24fce808e3e_Status_of_PN17_and_GN3_Companies.pdf,,
21,Perak Corporation Bhd,Main – PN17,√,,,,Trading,1 April 2022,624fa27a39fba24fce808e3e_Status_of_PN17_and_GN3_Companies.pdf,,
22,Scomi Energy Services Berhad,Main – PN17,√,,,,Trading,1 April 2022,624fa27a39fba24fce808e3e_Status_of_PN17_and_GN3_Companies.pdf,,
23,Scomi Group Berhad,Main – PN17,√,,,,Trading,1 April 2022,624fa27a39fba24fce808e3e_Status_of_PN17_and_GN3_Companies.pdf,,
24,Seacera Group Berhad,Main – PN17,√,,,,Trading,1 April 2022,624fa27a39fba24fce808e3e_Status_of_PN17_and_GN3_Companies.pdf,,
25,Serba Dinamik Holdings Berhad,Main – PN17,√,,,,Suspended,1 April 2022,624fa27a39fba24fce808e3e_Status_of_PN17_and_GN3_Companies.pdf,,
26,TH Heavy Engineering Berhad,Main – PN17,√,,,,Suspended,1 April 2022,624fa27a39fba24fce808e3e_Status_of_PN17_and_GN3_Companies.pdf,,
27,Top Builders Capital Berhad,Main – PN17,√,,,,Trading,1 April 2022,624fa27a39fba24fce808e3e_Status_of_PN17_and_GN3_Companies.pdf,,
1,Airasia X Berhad,Main – PN17,√,,,,Trading,3 January 2023,63bbab9e5b711a06ff218b71_Status_of_PN17_and_GN3_Companies.pdf,,
2,Alam Maritim Resources Berhad,Main – PN17,√,,,,Trading,2 January 2023,63bbab9e5b711a06ff218b71_Status_of_PN17_and_GN3_Companies.pdf,,
3,Asia Media Group Berhad,Main – PN17,,√,,,Trading,3 January 2023,63bbab9e5b711a06ff218b71_Status_of_PN17_and_GN3_Companies.pdf,,
4,Barakah Offshore Petroleum Berhad,Main – PN17,,√,,,Trading,3 January 2023,63bbab9e5b711a06ff218b71_Status_of_PN17_and_GN3_Companies.pdf,,
5,Bertam Alliance Berhad,Main – PN17,,√,,,Trading,4 January 2023,63bbab9e5b711a06ff218b71_Status_of_PN17_and_GN3_Companies.pdf,,
6,Capital A Berhad (formerly known as Airasia Group Berhad),Main – PN17,√,,,,Trading,3 January 2023,63bbab9e5b711a06ff218b71_Status_of_PN17_and_GN3_Companies.pdf,,
7,China Automobile Parts Holdings Limited,Main – PN17,√,,,,Suspended,3 January 2023,63bbab9e5b711a06ff218b71_Status_of_PN17_and_GN3_Companies.pdf,,
8,Comintel Corporation Berhad,Main – PN17,,,,√,Trading,3 January 2023,63bbab9e5b711a06ff218b71_Status_of_PN17_and_GN3_Companies.pdf,,
9,Dolomite Corporation Berhad (In liquidation),Main – PN17,√,,,,Suspended,2 December 2022,63bbab9e5b711a06ff218b71_Status_of_PN17_and_GN3_Companies.pdf,,
10,E.A. Technique (M) Berhad,Main – PN17,√,,,,Trading,3 January 2023,63bbab9e5b711a06ff218b71_Status_of_PN17_and_GN3_Companies.pdf,,
11,FSBM Holdings Berhad,Main – PN17,,√,,,Trading,3 January 2023,63bbab9e5b711a06ff218b71_Status_of_PN17_and_GN3_Companies.pdf,,
12,Iqzan Holding Berhad,Main – PN17,√,,,,Trading,3 January 2023,63bbab9e5b711a06ff218b71_Status_of_PN17_and_GN3_Companies.pdf,,
13,Ireka Corporation Berhad,Main – PN17,√,,,,Trading,3 January 2023,63bbab9e5b711a06ff218b71_Status_of_PN17_and_GN3_Companies.pdf,,
14,Ivory Properties Group Berhad,Main – PN17,√,,,,Trading,3 January 2023,63bbab9e5b711a06ff218b71_Status_of_PN17_and_GN3_Companies.pdf,,
15,Jerasia Capital Berhad,Main – PN17,√,,,,Trading,3 January 2023,63bbab9e5b711a06ff218b71_Status_of_PN17_and_GN3_Companies.pdf,,
16,Khee San Berhad,Main – PN17,√,,,,Trading,3 January 2023,63bbab9e5b711a06ff218b71_Status_of_PN17_and_GN3_Companies.pdf,,
17,KNM Group Berhad,Main – PN17,√,,,,Trading,3 January 2023,63bbab9e5b711a06ff218b71_Status_of_PN17_and_GN3_Companies.pdf,,
18,Konsortium Transnasional Berhad,Main – PN17,,√,,,Trading,3 January 2023,63bbab9e5b711a06ff218b71_Status_of_PN17_and_GN3_Companies.pdf,,
19,Perak Corporation Bhd,Main – PN17,√,,,,Trading,3 January 2023,63bbab9e5b711a06ff218b71_Status_of_PN17_and_GN3_Companies.pdf,,
20,Propel Global Berhad (formerly known as Daya Materials Berhad),Main – PN17,,,,√,Trading,3 January 2023,63bbab9e5b711a06ff218b71_Status_of_PN17_and_GN3_Companies.pdf,,
21,Sapura Energy Berhad,Main – PN17,√,,,,Trading,3 January 2023,63bbab9e5b711a06ff218b71_Status_of_PN17_and_GN3_Companies.pdf,,
22,Sarawak Cable Berhad,Main – PN17,√,,,,Trading,4 January 2023,63bbab9e5b711a06ff218b71_Status_of_PN17_and_GN3_Companies.pdf,,
23,Scomi Energy Services Berhad,Main – PN17,√,,,,Trading,3 January 2023,63bbab9e5b711a06ff218b71_Status_of_PN17_and_GN3_Companies.pdf,,
24,Scomi Group Berhad,Main – PN17,√,,,,Suspended,3 January 2023,63bbab9e5b711a06ff218b71_Status_of_PN17_and_GN3_Companies.pdf,,
25,Seacera Group Berhad,Main – PN17,√,,,,Trading,3 January 2023,63bbab9e5b711a06ff218b71_Status_of_PN17_and_GN3_Companies.pdf,,
26,Serba Dinamik Holdings Berhad (Interim Liquidator Appointed),Main – PN17,√,,,,Suspended,3 January 2023 Announcement dated 6 January 2023,63bbab9e5b711a06ff218b71_Status_of_PN17_and_GN3_Companies.pdf,,
27,Top Builders Capital Berhad,Main – PN17,√,,,,Suspended,3 January 2023,63bbab9e5b711a06ff218b71_Status_of_PN17_and_GN3_Companies.pdf,,
1,Ageson Berhad,Main – PN17,√,,,,Trading,2 January 2024,65976239e6414a9655fe3d57_Status_of_PN17_and_GN3_Companies.pdf,,
2,Alam Maritim Resources Berhad,Main – PN17,√,,,,Trading,3 January 2024,65976239e6414a9655fe3d57_Status_of_PN17_and_GN3_Companies.pdf,,
3,Asia Media Group Berhad,Main – PN17,√,,,,Trading,2 January 2024,65976239e6414a9655fe3d57_Status_of_PN17_and_GN3_Companies.pdf,,
4,Barakah Offshore Petroleum Berhad,Main – PN17,√,,,,Trading,2 January 2024,65976239e6414a9655fe3d57_Status_of_PN17_and_GN3_Companies.pdf,,
5,Bertam Alliance Berhad,Main – PN17,,,√,,Trading,2 January 2024,65976239e6414a9655fe3d57_Status_of_PN17_and_GN3_Companies.pdf,,
6,Bintai Kinden Corporation Berhad,Main – PN17,√,,,,Trading,2 January 2024,65976239e6414a9655fe3d57_Status_of_PN17_and_GN3_Companies.pdf,,
7,Capital A Berhad (formerly known as Airasia Group Berhad),Main – PN17,√,,,,Trading,2 January 2024,65976239e6414a9655fe3d57_Status_of_PN17_and_GN3_Companies.pdf,,
8,E.A. Technique (M) Berhad,Main – PN17,,√,,,Trading,2 January 2024,65976239e6414a9655fe3d57_Status_of_PN17_and_GN3_Companies.pdf,,
9,Epicon Berhad (formerly known as Konsortium Transnasional Berhad),Main – PN17,,,,√,Trading,2 January 2024,65976239e6414a9655fe3d57_Status_of_PN17_and_GN3_Companies.pdf,,
10,FSBM Holdings Berhad,Main – PN17,,,,√,Trading,2 January 2024,65976239e6414a9655fe3d57_Status_of_PN17_and_GN3_Companies.pdf,,
11,Iqzan Holding Berhad,Main – PN17,√,,,,Suspended,2 January 2024,65976239e6414a9655fe3d57_Status_of_PN17_and_GN3_Companies.pdf,,
12,Ireka Corporation Berhad,Main – PN17,√,,,,Trading,3 January 2024,65976239e6414a9655fe3d57_Status_of_PN17_and_GN3_Companies.pdf,,
13,Ivory Properties Group Berhad,Main – PN17,√,,,,Trading,2 January 2024,65976239e6414a9655fe3d57_Status_of_PN17_and_GN3_Companies.pdf,,
14,Khee San Berhad,Main – PN17,,√,,,Trading,2 January 2024,65976239e6414a9655fe3d57_Status_of_PN17_and_GN3_Companies.pdf,,
15,KNM Group Berhad,Main – PN17,√,,,,Trading,2 January 2024,65976239e6414a9655fe3d57_Status_of_PN17_and_GN3_Companies.pdf,,
16,Lambo Group Berhad,ACE – GN13,√,,,,Trading,2 January 2024,65976239e6414a9655fe3d57_Status_of_PN17_and_GN3_Companies.pdf,,
17,Perak Corporation Bhd,Main – PN17,√,,,,Trading,2 January 2024,65976239e6414a9655fe3d57_Status_of_PN17_and_GN3_Companies.pdf,,
18,Pharmaniaga Berhad,Main – PN17,√,,,,Trading,2 January 2024,65976239e6414a9655fe3d57_Status_of_PN17_and_GN3_Companies.pdf,,
19,Reach Energy Berhad,Main – PN17,√,,,,Trading,2 January 2024,65976239e6414a9655fe3d57_Status_of_PN17_and_GN3_Companies.pdf,,
20,Sapura Energy Berhad,Main – PN17,√,,,,Trading,2 January 2024,65976239e6414a9655fe3d57_Status_of_PN17_and_GN3_Companies.pdf,,
21,Sarawak Cable Berhad,Main – PN17,√,,,,Trading,2 January 2024,65976239e6414a9655fe3d57_Status_of_PN17_and_GN3_Companies.pdf,,
22,Scomi Energy Services Berhad,Main – PN17,√,,,,Suspended,2 January 2024,65976239e6414a9655fe3d57_Status_of_PN17_and_GN3_Companies.pdf,,
23,Serba Dinamik Holdings Berhad (In Liquidation),Main – PN17,√,,,,Suspended,2 January 2024,65976239e6414a9655fe3d57_Status_of_PN17_and_GN3_Companies.pdf,,
24,Waja Konsortium Berhad,ACE – GN3,√,,,,Trading,2 January 2024,65976239e6414a9655fe3d57_Status_of_PN17_and_GN3_Companies.pdf,,
25,Zelan Berhad,Main – PN17,√,,,,Trading,29 December 2023,65976239e6414a9655fe3d57_Status_of_PN17_and_GN3_Companies.pdf,,
1,Ageson Berhad,Main – PN17,√,,,,Trading,1 March 2024,65e81388cd34aa52dd1bad89_Status_of_PN17_and_GN3_Companies.pdf,,
2,Alam Maritim Resources Berhad,Main – PN17,√,,,,Trading,5 March 2024,65e81388cd34aa52dd1bad89_Status_of_PN17_and_GN3_Companies.pdf,,
3,Asia Media Group Berhad,Main – PN17,√,,,,Trading,1 March 2024,65e81388cd34aa52dd1bad89_Status_of_PN17_and_GN3_Companies.pdf,,
4,Barakah Offshore Petroleum Berhad,Main – PN17,√,,,,Trading,1 March 2024,65e81388cd34aa52dd1bad89_Status_of_PN17_and_GN3_Companies.pdf,,
5,Bertam Alliance Berhad,Main – PN17,,,√,,Trading,1 March 2024,65e81388cd34aa52dd1bad89_Status_of_PN17_and_GN3_Companies.pdf,,
6,Bintai Kinden Corporation Berhad,Main – PN17,√,,,,Trading,1 March 2024,65e81388cd34aa52dd1bad89_Status_of_PN17_and_GN3_Companies.pdf,,
7,Capital A Berhad (formerly known as Airasia Group Berhad),Main – PN17,√,,,,Trading,1 March 2024,65e81388cd34aa52dd1bad89_Status_of_PN17_and_GN3_Companies.pdf,,
8,E.A. Technique (M) Berhad,Main – PN17,,√,,,Trading,1 March 2024,65e81388cd34aa52dd1bad89_Status_of_PN17_and_GN3_Companies.pdf,,
9,Epicon Berhad (formerly known as Konsortium Transnasional Berhad),Main – PN17,,,,√,Trading,1 March 2024,65e81388cd34aa52dd1bad89_Status_of_PN17_and_GN3_Companies.pdf,,
10,FSBM Holdings Berhad,Main – PN17,,,,√,Trading,1 March 2024,65e81388cd34aa52dd1bad89_Status_of_PN17_and_GN3_Companies.pdf,,
11,Iqzan Holding Berhad,Main – PN17,√,,,,Suspended,1 March 2024,65e81388cd34aa52dd1bad89_Status_of_PN17_and_GN3_Companies.pdf,,
12,Ireka Corporation Berhad,Main – PN17,√,,,,Trading,1 March 2024,65e81388cd34aa52dd1bad89_Status_of_PN17_and_GN3_Companies.pdf,,
13,Ivory Properties Group Berhad,Main – PN17,√,,,,Trading,1 March 2024,65e81388cd34aa52dd1bad89_Status_of_PN17_and_GN3_Companies.pdf,,
14,Khee San Berhad,Main – PN17,,√,,,Trading,1 March 2024,65e81388cd34aa52dd1bad89_Status_of_PN17_and_GN3_Companies.pdf,,
15,KNM Group Berhad,Main – PN17,√,,,,Trading,1 March 2024,65e81388cd34aa52dd1bad89_Status_of_PN17_and_GN3_Companies.pdf,,
16,Lambo Group Berhad,ACE – GN13,√,,,,Trading,1 March 2024,65e81388cd34aa52dd1bad89_Status_of_PN17_and_GN3_Companies.pdf,,
17,Perak Corporation Bhd,Main – PN17,√,,,,Trading,1 March 2024,65e81388cd34aa52dd1bad89_Status_of_PN17_and_GN3_Companies.pdf,,
18,Pharmaniaga Berhad,Main – PN17,,√,,,Trading,1 March 2024,65e81388cd34aa52dd1bad89_Status_of_PN17_and_GN3_Companies.pdf,,
19,Reach Energy Berhad,Main – PN17,√,,,,Trading,1 March 2024,65e81388cd34aa52dd1bad89_Status_of_PN17_and_GN3_Companies.pdf,,
20,Reneuco Berhad,Main – PN17,√,,,,Trading,1 March 2024,65e81388cd34aa52dd1bad89_Status_of_PN17_and_GN3_Companies.pdf,,
21,Sapura Energy Berhad,Main – PN17,√,,,,Trading,1 March 2024,65e81388cd34aa52dd1bad89_Status_of_PN17_and_GN3_Companies.pdf,,
22,Sarawak Cable Berhad,Main – PN17,√,,,,Trading,1 March 2024,65e81388cd34aa52dd1bad89_Status_of_PN17_and_GN3_Companies.pdf,,
23,Scomi Energy Services Berhad,Main – PN17,√,,,,Suspended,4 March 2024,65e81388cd34aa52dd1bad89_Status_of_PN17_and_GN3_Companies.pdf,,
24,Serba Dinamik Holdings Berhad (In Liquidation),Main – PN17,√,,,,Suspended,1 March 2024,65e81388cd34aa52dd1bad89_Status_of_PN17_and_GN3_Companies.pdf,,
25,Waja Konsortium Berhad,ACE – GN3,√,,,,Trading,1 March 2024,65e81388cd34aa52dd1bad89_Status_of_PN17_and_GN3_Companies.pdf,,
26,Zelan Berhad,Main – PN17,√,,,,Trading,29 February 2024,65e81388cd34aa52dd1bad89_Status_of_PN17_and_GN3_Companies.pdf,,
1,Ageson Berhad,Main – PN17,√,,,,Trading,4 June 2024,66629007cd34aa82e192aeb5_Monthly_Announcement.pdf,,
2,Alam Maritim Resources Berhad,Main – PN17,√,,,,Trading,4 June 2024,66629007cd34aa82e192aeb5_Monthly_Announcement.pdf,,
3,Annum Berhad,Main – PN17,√,,,,Trading,4 June 2024,66629007cd34aa82e192aeb5_Monthly_Announcement.pdf,,
4,Barakah Offshore Petroleum Berhad,Main – PN17,√,,,,Trading,4 June 2024,66629007cd34aa82e192aeb5_Monthly_Announcement.pdf,,
5,Bertam Alliance Berhad,Main – PN17,,,√,,Trading,4 June 2024,66629007cd34aa82e192aeb5_Monthly_Announcement.pdf,,
6,Bintai Kinden Corporation Berhad,Main – PN17,√,,,,Trading,4 June 2024,66629007cd34aa82e192aeb5_Monthly_Announcement.pdf,,
7,Capital A Berhad (formerly known as Airasia Group Berhad),Main – PN17,√,,,,Trading,4 June 2024,66629007cd34aa82e192aeb5_Monthly_Announcement.pdf,,
8,E.A. Technique (M) Berhad,Main – PN17,,,√,,Trading,4 June 2024,66629007cd34aa82e192aeb5_Monthly_Announcement.pdf,,
9,FSBM Holdings Berhad,Main – PN17,,,,√,Trading,4 June 2024,66629007cd34aa82e192aeb5_Monthly_Announcement.pdf,,
10,Iqzan Holding Berhad,Main – PN17,√,,,,Suspended,4 June 2024,66629007cd34aa82e192aeb5_Monthly_Announcement.pdf,,
11,Ireka Corporation Berhad,Main – PN17,√,,,,Trading,4 June 2024,66629007cd34aa82e192aeb5_Monthly_Announcement.pdf,,
12,Ivory Properties Group Berhad,Main – PN17,√,,,,Trading,4 June 2024,66629007cd34aa82e192aeb5_Monthly_Announcement.pdf,,
13,Khee San Berhad,Main – PN17,,√,,,Trading,5 June 2024,66629007cd34aa82e192aeb5_Monthly_Announcement.pdf,,
14,KNM Group Berhad,Main – PN17,√,,,,Trading,4 June 2024,66629007cd34aa82e192aeb5_Monthly_Announcement.pdf,,
15,Lambo Group Berhad,ACE – GN13,√,,,,Trading,4 June 2024,66629007cd34aa82e192aeb5_Monthly_Announcement.pdf,,
16,Meridian Berhad,Main- PN17,√,,,,Trading,Hyperlinks: Announcement dated 4 June 2024 Announcement dated 9 April 2024,66629007cd34aa82e192aeb5_Monthly_Announcement.pdf,,
17,MMM Group Berhad (formerly known as Asia Media Group Berhad),Main- PN17,√,,,,Trading,4 June 2024,66629007cd34aa82e192aeb5_Monthly_Announcement.pdf,,
18,Perak Corporation Bhd,Main – PN17,√,,,,Trading,4 June 2024,66629007cd34aa82e192aeb5_Monthly_Announcement.pdf,,
19,Pharmaniaga Berhad,Main – PN17,,√,,,Trading,5 June 2024,66629007cd34aa82e192aeb5_Monthly_Announcement.pdf,,
20,Reach Energy Berhad,Main – PN17,√,,,,Trading,4 June 2024,66629007cd34aa82e192aeb5_Monthly_Announcement.pdf,,
21,Reneuco Berhad,Main – PN17,√,,,,Trading,4 June 2024,66629007cd34aa82e192aeb5_Monthly_Announcement.pdf,,
22,Sapura Energy Berhad,Main – PN17,√,,,,Trading,4 June 2024,66629007cd34aa82e192aeb5_Monthly_Announcement.pdf,,
23,Sarawak Cable Berhad,Main – PN17,√,,,,Trading,4 June 2024,66629007cd34aa82e192aeb5_Monthly_Announcement.pdf,,
24,Scomi Energy Services Berhad,Main – PN17,√,,,,Suspended,4 June 2024,66629007cd34aa82e192aeb5_Monthly_Announcement.pdf,,
25,Waja Konsortium Berhad,ACE – GN3,√,,,,Trading,4 June 2024,66629007cd34aa82e192aeb5_Monthly_Announcement.pdf,,
26,Zelan Berhad,Main – PN17,√,,,,Trading,5 June 2024,66629007cd34aa82e192aeb5_Monthly_Announcement.pdf,,
1,Ageson Berhad,Main – PN17,√,,,,Trading,1 July 2024,6685f6c2e6414a316a4f572f_Status_of_PN17_and_GN3_Companies.pdf,,
2,Alam Maritim Resources Berhad,Main – PN17,√,,,,Trading,2 July 2024,6685f6c2e6414a316a4f572f_Status_of_PN17_and_GN3_Companies.pdf,,
3,Annum Berhad,Main – PN17,√,,,,Trading,1 July 2024,6685f6c2e6414a316a4f572f_Status_of_PN17_and_GN3_Companies.pdf,,
4,Barakah Offshore Petroleum Berhad,Main – PN17,√,,,,Trading,1 July 2024,6685f6c2e6414a316a4f572f_Status_of_PN17_and_GN3_Companies.pdf,,
5,Bertam Alliance Berhad,Main – PN17,,,√,,Trading,1 July 2024,6685f6c2e6414a316a4f572f_Status_of_PN17_and_GN3_Companies.pdf,,
6,Bintai Kinden Corporation Berhad,Main – PN17,√,,,,Trading,1 July 2024,6685f6c2e6414a316a4f572f_Status_of_PN17_and_GN3_Companies.pdf,,
7,,Main – PN17,√,,,,Trading,2 July 2024,6685f6c2e6414a316a4f572f_Status_of_PN17_and_GN3_Companies.pdf,Capital A Berhad,
,,,,,,,,,6685f6c2e6414a316a4f572f_Status_of_PN17_and_GN3_Companies.pdf,(formerly known as,
,,,,,,,,,6685f6c2e6414a316a4f572f_Status_of_PN17_and_GN3_Companies.pdf,Airasia Group Berhad),
8,E.A. Technique (M) Berhad,Main – PN17,,,,√,Trading,1 July 2024,6685f6c2e6414a316a4f572f_Status_of_PN17_and_GN3_Companies.pdf,,
9,Iqzan Holding Berhad,Main – PN17,√,,,,Suspended,Hyperlink:,6685f6c2e6414a316a4f572f_Status_of_PN17_and_GN3_Companies.pdf,,
,,,,,,,,Announcement dated 1 July 2024,6685f6c2e6414a316a4f572f_Status_of_PN17_and_GN3_Companies.pdf,,
10,Ireka Corporation Berhad,Main – PN17,√,,,,Trading,,6685f6c2e6414a316a4f572f_Status_of_PN17_and_GN3_Companies.pdf,Hyperlink:,
,,,,,,,,,6685f6c2e6414a316a4f572f_Status_of_PN17_and_GN3_Companies.pdf,Announcement dated 2 July 2024,
11,Ivory Properties Group Berhad,Main – PN17,√,,,,Trading,1 July 2024,6685f6c2e6414a316a4f572f_Status_of_PN17_and_GN3_Companies.pdf,,
12,Khee San Berhad,Main – PN17,,√,,,Trading,1 July 2024,6685f6c2e6414a316a4f572f_Status_of_PN17_and_GN3_Companies.pdf,,
13,KNM Group Berhad,Main – PN17,√,,,,Trading,1 July 2024,6685f6c2e6414a316a4f572f_Status_of_PN17_and_GN3_Companies.pdf,,
14,Lambo Group Berhad,ACE – GN13,√,,,,Trading,1 July 2024,6685f6c2e6414a316a4f572f_Status_of_PN17_and_GN3_Companies.pdf,,
15,Meridian Berhad,Main- PN17,√,,,,Trading,1 July 2024,6685f6c2e6414a316a4f572f_Status_of_PN17_and_GN3_Companies.pdf,,
16,MMM Group Berhad (formerly known as Asia Media Group Berhad),Main- PN17,√,,,,Trading,1 July 2024,6685f6c2e6414a316a4f572f_Status_of_PN17_and_GN3_Companies.pdf,,
17,Perak Corporation Bhd,Main – PN17,√,,,,Trading,1 July 2024,6685f6c2e6414a316a4f572f_Status_of_PN17_and_GN3_Companies.pdf,,
18,Pharmaniaga Berhad,Main – PN17,,√,,,Trading,1 July 2024,6685f6c2e6414a316a4f572f_Status_of_PN17_and_GN3_Companies.pdf,,
19,Reach Energy Berhad,Main – PN17,√,,,,Trading,1 July 2024,6685f6c2e6414a316a4f572f_Status_of_PN17_and_GN3_Companies.pdf,,
20,Reneuco Berhad,Main – PN17,√,,,,Trading,1 July 2024,6685f6c2e6414a316a4f572f_Status_of_PN17_and_GN3_Companies.pdf,,
21,Sapura Energy Berhad,Main – PN17,√,,,,Trading,1 July 2024,6685f6c2e6414a316a4f572f_Status_of_PN17_and_GN3_Companies.pdf,,
22,Sarawak Cable Berhad,Main – PN17,√,,,,Trading,2 July 2024,6685f6c2e6414a316a4f572f_Status_of_PN17_and_GN3_Companies.pdf,,
23,Scomi Energy Services Berhad,Main – PN17,√,,,,Suspended,1 July 2024,6685f6c2e6414a316a4f572f_Status_of_PN17_and_GN3_Companies.pdf,,
24,Waja Konsortium Berhad,ACE – GN3,√,,,,Trading,1 July 2024,6685f6c2e6414a316a4f572f_Status_of_PN17_and_GN3_Companies.pdf,,
25,Zelan Berhad,Main – PN17,√,,,,Trading,28 June 2024,6685f6c2e6414a316a4f572f_Status_of_PN17_and_GN3_Companies.pdf,,
1,Ageson Berhad,Main – PN17,√,,,,Trading,5 August 2024,66b09de7cd34aa9e977970f4_Status_of_PN17_and_GN3_Companies.pdf,,
2,Alam Maritim Resources Berhad,Main – PN17,√,,,,Trading,2 August 2024,66b09de7cd34aa9e977970f4_Status_of_PN17_and_GN3_Companies.pdf,,
3,Annum Berhad,Main – PN17,√,,,,Trading,1 August 2024,66b09de7cd34aa9e977970f4_Status_of_PN17_and_GN3_Companies.pdf,,
4,Asdion Berhad,ACE – GN3,√,,,,Trading,1 August 2024,66b09de7cd34aa9e977970f4_Status_of_PN17_and_GN3_Companies.pdf,,
5,Barakah Offshore Petroleum Berhad,Main – PN17,√,,,,Trading,1 August 2024,66b09de7cd34aa9e977970f4_Status_of_PN17_and_GN3_Companies.pdf,,
6,Bertam Alliance Berhad,Main – PN17,,,√,,Trading,1 August 2024,66b09de7cd34aa9e977970f4_Status_of_PN17_and_GN3_Companies.pdf,,
7,Bintai Kinden Corporation Berhad,Main – PN17,√,,,,Trading,1 August 2024,66b09de7cd34aa9e977970f4_Status_of_PN17_and_GN3_Companies.pdf,,
8,Capital A Berhad,Main – PN17,√,,,,Trading,,66b09de7cd34aa9e977970f4_Status_of_PN17_and_GN3_Companies.pdf,Hyperlink:,
,,,,,,,,,66b09de7cd34aa9e977970f4_Status_of_PN17_and_GN3_Companies.pdf,Announcement dated 1 August 2024,
,,,,,,,,,66b09de7cd34aa9e977970f4_Status_of_PN17_and_GN3_Companies.pdf,,
9,E.A. Technique (M) Berhad,Main – PN17,,,,√,Trading,1 August 2024,66b09de7cd34aa9e977970f4_Status_of_PN17_and_GN3_Companies.pdf,,
10,Ireka Corporation Berhad,Main – PN17,√,,,,Trading,,66b09de7cd34aa9e977970f4_Status_of_PN17_and_GN3_Companies.pdf,Hyperlink:,
,,,,,,,,,66b09de7cd34aa9e977970f4_Status_of_PN17_and_GN3_Companies.pdf,Announcement dated 1 August 2024,
,,,,,,,,,66b09de7cd34aa9e977970f4_Status_of_PN17_and_GN3_Companies.pdf,,
11,Ivory Properties Group Berhad,Main – PN17,√,,,,Trading,1 August 2024,66b09de7cd34aa9e977970f4_Status_of_PN17_and_GN3_Companies.pdf,,
12,Khee San Berhad,Main – PN17,,√,,,Trading,1 August 2024,66b09de7cd34aa9e977970f4_Status_of_PN17_and_GN3_Companies.pdf,,
13,KNM Group Berhad,Main – PN17,√,,,,Trading,1 August 2024,66b09de7cd34aa9e977970f4_Status_of_PN17_and_GN3_Companies.pdf,,
14,Lambo Group Berhad,ACE – GN13,√,,,,Trading,1 August 2024,66b09de7cd34aa9e977970f4_Status_of_PN17_and_GN3_Companies.pdf,,
15,Meridian Berhad,Main- PN17,√,,,,Trading,1 August 2024,66b09de7cd34aa9e977970f4_Status_of_PN17_and_GN3_Companies.pdf,,
16,MMM Group Berhad (formerly known as Asia Media Group Berhad),Main- PN17,√,,,,Trading,1 August 2024,66b09de7cd34aa9e977970f4_Status_of_PN17_and_GN3_Companies.pdf,,
17,Perak Corporation Bhd,Main – PN17,√,,,,Trading,1 August 2024,66b09de7cd34aa9e977970f4_Status_of_PN17_and_GN3_Companies.pdf,,
18,Pharmaniaga Berhad,Main – PN17,,√,,,Trading,1 August 2024,66b09de7cd34aa9e977970f4_Status_of_PN17_and_GN3_Companies.pdf,,
19,Reach Energy Berhad,Main – PN17,√,,,,Trading,1 August 2024,66b09de7cd34aa9e977970f4_Status_of_PN17_and_GN3_Companies.pdf,,
20,Reneuco Berhad,Main – PN17,√,,,,Trading,1 August 2024,66b09de7cd34aa9e977970f4_Status_of_PN17_and_GN3_Companies.pdf,,
21,Sapura Energy Berhad,Main – PN17,√,,,,Trading,1 August 2024,66b09de7cd34aa9e977970f4_Status_of_PN17_and_GN3_Companies.pdf,,
22,Sarawak Cable Berhad,Main – PN17,√,,,,Trading,1 August 2024,66b09de7cd34aa9e977970f4_Status_of_PN17_and_GN3_Companies.pdf,,
23,Scomi Energy Services Berhad,Main – PN17,√,,,,Suspended,1 August 2024,66b09de7cd34aa9e977970f4_Status_of_PN17_and_GN3_Companies.pdf,,
24,Waja Konsortium Berhad,ACE – GN3,√,,,,Trading,1 August 2024,66b09de7cd34aa9e977970f4_Status_of_PN17_and_GN3_Companies.pdf,,
25,Zelan Berhad,Main – PN17,√,,,,Trading,30 July 2024,66b09de7cd34aa9e977970f4_Status_of_PN17_and_GN3_Companies.pdf,,
1,Ageson Berhad,Main – PN17,√,,,,Trading,2 September 2024,66d81f31e6414a15cca65984_Status_of_PN17_and_GN3_Companies__2_.pdf,,
2,Alam Maritim Resources Berhad,Main – PN17,,√,,,Trading,3 September 2024,66d81f31e6414a15cca65984_Status_of_PN17_and_GN3_Companies__2_.pdf,,
3,Annum Berhad,Main – PN17,√,,,,Trading,2 September 2024,66d81f31e6414a15cca65984_Status_of_PN17_and_GN3_Companies__2_.pdf,,
4,Asdion Berhad,ACE – GN3,√,,,,Trading,2 September 2024,66d81f31e6414a15cca65984_Status_of_PN17_and_GN3_Companies__2_.pdf,,
5,Barakah Offshore Petroleum Berhad,Main – PN17,√,,,,Trading,2 September 2024,66d81f31e6414a15cca65984_Status_of_PN17_and_GN3_Companies__2_.pdf,,
6,Bertam Alliance Berhad,Main – PN17,,,√,,Trading,2 September 2024,66d81f31e6414a15cca65984_Status_of_PN17_and_GN3_Companies__2_.pdf,,
7,Bintai Kinden Corporation Berhad,Main – PN17,√,,,,Trading,Hyperlink:,66d81f31e6414a15cca65984_Status_of_PN17_and_GN3_Companies__2_.pdf,,
,,,,,,,,Announcement dated 2 September 2024,66d81f31e6414a15cca65984_Status_of_PN17_and_GN3_Companies__2_.pdf,,
8,Capital A Berhad,Main – PN17,√,,,,Trading,,66d81f31e6414a15cca65984_Status_of_PN17_and_GN3_Companies__2_.pdf,Hyperlink:,
,,,,,,,,,66d81f31e6414a15cca65984_Status_of_PN17_and_GN3_Companies__2_.pdf,Announcement dated 2 September,
,,,,,,,,,66d81f31e6414a15cca65984_Status_of_PN17_and_GN3_Companies__2_.pdf,2024,
9,E.A. Technique (M) Berhad,Main – PN17,,,,√,Trading,2 September 2024,66d81f31e6414a15cca65984_Status_of_PN17_and_GN3_Companies__2_.pdf,,
10,Ireka Corporation Berhad,Main – PN17,√,,,,Trading,,66d81f31e6414a15cca65984_Status_of_PN17_and_GN3_Companies__2_.pdf,Hyperlink:,
,,,,,,,,,66d81f31e6414a15cca65984_Status_of_PN17_and_GN3_Companies__2_.pdf,Announcement dated 30 August,
,,,,,,,,,66d81f31e6414a15cca65984_Status_of_PN17_and_GN3_Companies__2_.pdf,2024,
11,Ivory Properties Group Berhad,Main – PN17,√,,,,Trading,2 September 2024,66d81f31e6414a15cca65984_Status_of_PN17_and_GN3_Companies__2_.pdf,,
12,Khee San Berhad,Main – PN17,,,√,,Trading,2 September 2024,66d81f31e6414a15cca65984_Status_of_PN17_and_GN3_Companies__2_.pdf,,
13,KNM Group Berhad,Main – PN17,√,,,,Trading,2 September 2024,66d81f31e6414a15cca65984_Status_of_PN17_and_GN3_Companies__2_.pdf,,
14,Lambo Group Berhad,ACE – GN13,√,,,,Trading,2 September 2024,66d81f31e6414a15cca65984_Status_of_PN17_and_GN3_Companies__2_.pdf,,
15,Meridian Berhad,Main- PN17,√,,,,Trading,2 September 2024,66d81f31e6414a15cca65984_Status_of_PN17_and_GN3_Companies__2_.pdf,,
16,MMM Group Berhad (formerly known as Asia Media Group Berhad),Main- PN17,√,,,,Trading,2 September 2024,66d81f31e6414a15cca65984_Status_of_PN17_and_GN3_Companies__2_.pdf,,
17,Perak Corporation Bhd,Main – PN17,√,,,,Trading,2 September 2024,66d81f31e6414a15cca65984_Status_of_PN17_and_GN3_Companies__2_.pdf,,
18,Pharmaniaga Berhad,Main – PN17,,√,,,Trading,2 September 2024,66d81f31e6414a15cca65984_Status_of_PN17_and_GN3_Companies__2_.pdf,,
19,Reach Energy Berhad,Main – PN17,√,,,,Trading,3 September 2024,66d81f31e6414a15cca65984_Status_of_PN17_and_GN3_Companies__2_.pdf,,
20,Reneuco Berhad,Main – PN17,√,,,,Trading,2 September 2024,66d81f31e6414a15cca65984_Status_of_PN17_and_GN3_Companies__2_.pdf,,
21,Sapura Energy Berhad,Main – PN17,√,,,,Trading,2 September 2024,66d81f31e6414a15cca65984_Status_of_PN17_and_GN3_Companies__2_.pdf,,
22,Sarawak Cable Berhad,Main – PN17,√,,,,Trading,2 September 2024,66d81f31e6414a15cca65984_Status_of_PN17_and_GN3_Companies__2_.pdf,,
23,Scomi Energy Services Berhad,Main – PN17,√,,,,Suspended,2 September 2024,66d81f31e6414a15cca65984_Status_of_PN17_and_GN3_Companies__2_.pdf,,
24,Waja Konsortium Berhad,ACE – GN3,√,,,,Trading,2 September 2024,66d81f31e6414a15cca65984_Status_of_PN17_and_GN3_Companies__2_.pdf,,
25,Zelan Berhad,Main – PN17,√,,,,Trading,30 August 2024,66d81f31e6414a15cca65984_Status_of_PN17_and_GN3_Companies__2_.pdf,,
1,Alam Maritim Resources Berhad,Main – PN17,,,,√,Trading,2 September 2025,66d81f31e6414a15cca65985_Status_of_PN17_and_GN3_Companies__2_.pdf,,
2,Asdion Berhad,ACE – GN3,√,,,,Trading,2 September 2025,66d81f31e6414a15cca65985_Status_of_PN17_and_GN3_Companies__2_.pdf,,
3,Bintai Kinden Corporation Berhad,Main – PN17,,,,√,Trading,2 September 2025,66d81f31e6414a15cca65985_Status_of_PN17_and_GN3_Companies__2_.pdf,,
4,Capital A Berhad,Main – PN17,,,√,,Trading,2 September 2025,66d81f31e6414a15cca65985_Status_of_PN17_and_GN3_Companies__2_.pdf,,
5,Ho Hup Construction Company Berhad,Main – PN17,√,,,,Trading,2 September 2025,66d81f31e6414a15cca65985_Status_of_PN17_and_GN3_Companies__2_.pdf,,
6,Ireka Corporation Berhad,Main – PN17,√,,,,Trading,2 September 2025,66d81f31e6414a15cca65985_Status_of_PN17_and_GN3_Companies__2_.pdf,,
7,Ivory Properties Group Berhad,Main – PN17,√,,,,Suspended,28 August 2025,66d81f31e6414a15cca65985_Status_of_PN17_and_GN3_Companies__2_.pdf,,
8,Khee San Berhad,Main – PN17,,,√,,Trading,2 September 2025,66d81f31e6414a15cca65985_Status_of_PN17_and_GN3_Companies__2_.pdf,,
9,KNM Group Berhad,Main – PN17,,√,,,Trading,Hyperlink:,66d81f31e6414a15cca65985_Status_of_PN17_and_GN3_Companies__2_.pdf,,
,,,,,,,,Announcement dated 2 September 2025,66d81f31e6414a15cca65985_Status_of_PN17_and_GN3_Companies__2_.pdf,,
10,Lambo Group Berhad,ACE – GN13,√,,,,Suspended,2 September 2025,66d81f31e6414a15cca65985_Status_of_PN17_and_GN3_Companies__2_.pdf,,
11,LYC Healthcare Berhad,ACE – GN3,√,,,,Trading,2 September 2025,66d81f31e6414a15cca65985_Status_of_PN17_and_GN3_Companies__2_.pdf,,
12,Meridian Berhad,Main- PN17,√,,,,Trading,2 September 2025,66d81f31e6414a15cca65985_Status_of_PN17_and_GN3_Companies__2_.pdf,,
13,MMM Group Berhad,Main- PN17,√,,,,Suspended,2 September 2025,66d81f31e6414a15cca65985_Status_of_PN17_and_GN3_Companies__2_.pdf,,
14,Perak Corporation Bhd,Main – PN17,,√,,,Trading,2 September 2025,66d81f31e6414a15cca65985_Status_of_PN17_and_GN3_Companies__2_.pdf,,
15,Pharmaniaga Berhad,Main – PN17,,,,√,Trading,2 September 2025,66d81f31e6414a15cca65985_Status_of_PN17_and_GN3_Companies__2_.pdf,,
16,Reneuco Berhad,Main – PN17,√,,,,Trading,2 September 2025,66d81f31e6414a15cca65985_Status_of_PN17_and_GN3_Companies__2_.pdf,,
17,Vantris Energy Berhad (formerly known as Sapura Energy Berhad),Main – PN17,,,√,,Trading,2 September 2025,66d81f31e6414a15cca65985_Status_of_PN17_and_GN3_Companies__2_.pdf,,
18,Sentoria Group Berhad,Main - PN17,√,,,,Trading,2 September 2025,66d81f31e6414a15cca65985_Status_of_PN17_and_GN3_Companies__2_.pdf,,
19,TXCD Berhad (formerly known as Ageson Berhad),Main – PN17,√,,,,Trading,2 September 2025,66d81f31e6414a15cca65985_Status_of_PN17_and_GN3_Companies__2_.pdf,,
20,Waja Konsortium Berhad,ACE – GN3,√,,,,Trading,2 September 2025,66d81f31e6414a15cca65985_Status_of_PN17_and_GN3_Companies__2_.pdf,,
21,Zelan Berhad,Main – PN17,√,,,,Trading,2 September 2025,66d81f31e6414a15cca65985_Status_of_PN17_and_GN3_Companies__2_.pdf,,
1,Ageson Berhad,Main – PN17,√,,,,Trading,1 October 2024,66fe434bcd34aa0175057420_Status_of_PN17_and_GN3_Companies__3_.pdf,,
2,Alam Maritim Resources Berhad,Main – PN17,,√,,,Trading,1 October 2024,66fe434bcd34aa0175057420_Status_of_PN17_and_GN3_Companies__3_.pdf,,
3,Annum Berhad,Main – PN17,√,,,,Trading,1 October 2024,66fe434bcd34aa0175057420_Status_of_PN17_and_GN3_Companies__3_.pdf,,
4,Asdion Berhad,ACE – GN3,√,,,,Trading,1 October 2024,66fe434bcd34aa0175057420_Status_of_PN17_and_GN3_Companies__3_.pdf,,
5,Barakah Offshore Petroleum Berhad,Main – PN17,√,,,,Trading,1 October 2024,66fe434bcd34aa0175057420_Status_of_PN17_and_GN3_Companies__3_.pdf,,
6,Bertam Alliance Berhad,Main – PN17,,,,√,Trading,1 October 2024,66fe434bcd34aa0175057420_Status_of_PN17_and_GN3_Companies__3_.pdf,,
7,Bintai Kinden Corporation Berhad,Main – PN17,√,,,,Trading,Hyperlink:,66fe434bcd34aa0175057420_Status_of_PN17_and_GN3_Companies__3_.pdf,,
,,,,,,,,Announcement dated 1 October 2024,66fe434bcd34aa0175057420_Status_of_PN17_and_GN3_Companies__3_.pdf,,
8,Capital A Berhad,Main – PN17,√,,,,Trading,1 October 2024,66fe434bcd34aa0175057420_Status_of_PN17_and_GN3_Companies__3_.pdf,,
9,E.A. Technique (M) Berhad,Main – PN17,,,,√,Trading,1 October 2024,66fe434bcd34aa0175057420_Status_of_PN17_and_GN3_Companies__3_.pdf,,
10,Ireka Corporation Berhad,Main – PN17,√,,,,Trading,1 October 2024,66fe434bcd34aa0175057420_Status_of_PN17_and_GN3_Companies__3_.pdf,,
11,Ivory Properties Group Berhad,Main – PN17,√,,,,Trading,1 October 2024,66fe434bcd34aa0175057420_Status_of_PN17_and_GN3_Companies__3_.pdf,,
12,Khee San Berhad,Main – PN17,,,√,,Trading,1 October 2024,66fe434bcd34aa0175057420_Status_of_PN17_and_GN3_Companies__3_.pdf,,
13,KNM Group Berhad,Main – PN17,√,,,,Trading,1 October 2024,66fe434bcd34aa0175057420_Status_of_PN17_and_GN3_Companies__3_.pdf,,
14,Lambo Group Berhad,ACE – GN13,√,,,,Trading,2 October 2024,66fe434bcd34aa0175057420_Status_of_PN17_and_GN3_Companies__3_.pdf,,
15,Meridian Berhad,Main- PN17,√,,,,Trading,1 October 2024,66fe434bcd34aa0175057420_Status_of_PN17_and_GN3_Companies__3_.pdf,,
16,MMM Group Berhad (formerly known as Asia Media Group Berhad),Main- PN17,√,,,,Trading,1 October 2024,66fe434bcd34aa0175057420_Status_of_PN17_and_GN3_Companies__3_.pdf,,
17,Perak Corporation Bhd,Main – PN17,√,,,,Trading,1 October 2024,66fe434bcd34aa0175057420_Status_of_PN17_and_GN3_Companies__3_.pdf,,
18,Pharmaniaga Berhad,Main – PN17,,√,,,Trading,1 October 2024,66fe434bcd34aa0175057420_Status_of_PN17_and_GN3_Companies__3_.pdf,,
19,Reach Energy Berhad,Main – PN17,√,,,,Trading,1 October 2024,66fe434bcd34aa0175057420_Status_of_PN17_and_GN3_Companies__3_.pdf,,
20,Reneuco Berhad,Main – PN17,√,,,,Trading,1 October 2024,66fe434bcd34aa0175057420_Status_of_PN17_and_GN3_Companies__3_.pdf,,
21,Sapura Energy Berhad,Main – PN17,√,,,,Trading,1 October 2024,66fe434bcd34aa0175057420_Status_of_PN17_and_GN3_Companies__3_.pdf,,
22,Sarawak Cable Berhad,Main – PN17,√,,,,Trading,1 October 2024,66fe434bcd34aa0175057420_Status_of_PN17_and_GN3_Companies__3_.pdf,,
23,Scomi Energy Services Berhad,Main – PN17,√,,,,Suspended,1 October 2024,66fe434bcd34aa0175057420_Status_of_PN17_and_GN3_Companies__3_.pdf,,
24,Waja Konsortium Berhad,ACE – GN3,√,,,,Trading,1 October 2024,66fe434bcd34aa0175057420_Status_of_PN17_and_GN3_Companies__3_.pdf,,
25,Zelan Berhad,Main – PN17,√,,,,Trading,30 September 2024,66fe434bcd34aa0175057420_Status_of_PN17_and_GN3_Companies__3_.pdf,,
1,Ageson Berhad,Main – PN17,√,,,,Trading,4 November 2024,67287cb0cd34aafe7238a99f_Monthly_Announcement_1124.pdf,,
2,Alam Maritim Resources Berhad,Main – PN17,,√,,,Trading,1 November 2024,67287cb0cd34aafe7238a99f_Monthly_Announcement_1124.pdf,,
3,Annum Berhad,Main – PN17,√,,,,Trading,1 November 2024,67287cb0cd34aafe7238a99f_Monthly_Announcement_1124.pdf,,
4,Asdion Berhad,ACE – GN3,√,,,,Trading,1 November 2024,67287cb0cd34aafe7238a99f_Monthly_Announcement_1124.pdf,,
5,Barakah Offshore Petroleum Berhad,Main – PN17,,√,,,Trading,1 November 2024,67287cb0cd34aafe7238a99f_Monthly_Announcement_1124.pdf,,
6,Bertam Alliance Berhad,Main – PN17,,,,√,Trading,1 November 2024,67287cb0cd34aafe7238a99f_Monthly_Announcement_1124.pdf,,
7,Bintai Kinden Corporation Berhad,Main – PN17,,√,,,Trading,1 November 2024,67287cb0cd34aafe7238a99f_Monthly_Announcement_1124.pdf,,
8,Capital A Berhad,Main – PN17,√,,,,Trading,1 November 2024,67287cb0cd34aafe7238a99f_Monthly_Announcement_1124.pdf,,
9,E.A. Technique (M) Berhad,Main – PN17,,,,√,Trading,1 November 2024,67287cb0cd34aafe7238a99f_Monthly_Announcement_1124.pdf,,
10,Ireka Corporation Berhad,Main – PN17,√,,,,Trading,1 November 2024,67287cb0cd34aafe7238a99f_Monthly_Announcement_1124.pdf,,
11,Ivory Properties Group Berhad,Main – PN17,√,,,,Trading,1 November 2024,67287cb0cd34aafe7238a99f_Monthly_Announcement_1124.pdf,,
12,Khee San Berhad,Main – PN17,,,√,,Trading,4 November 2024,67287cb0cd34aafe7238a99f_Monthly_Announcement_1124.pdf,,
13,KNM Group Berhad,Main – PN17,√,,,,Trading,1 November 2024,67287cb0cd34aafe7238a99f_Monthly_Announcement_1124.pdf,,
14,Lambo Group Berhad,ACE – GN13,√,,,,Suspended,1 November 2024,67287cb0cd34aafe7238a99f_Monthly_Announcement_1124.pdf,,
15,Meridian Berhad,Main- PN17,√,,,,Trading,1 November 2024,67287cb0cd34aafe7238a99f_Monthly_Announcement_1124.pdf,,
16,MMM Group Berhad (formerly known as Asia Media Group Berhad),Main- PN17,√,,,,Trading,1 November 2024,67287cb0cd34aafe7238a99f_Monthly_Announcement_1124.pdf,,
17,Perak Corporation Bhd,Main – PN17,√,,,,Trading,1 November 2024,67287cb0cd34aafe7238a99f_Monthly_Announcement_1124.pdf,,
18,Pharmaniaga Berhad,Main – PN17,,√,,,Trading,1 November 2024,67287cb0cd34aafe7238a99f_Monthly_Announcement_1124.pdf,,
19,Reach Energy Berhad,Main – PN17,√,,,,Trading,1 November 2024,67287cb0cd34aafe7238a99f_Monthly_Announcement_1124.pdf,,
20,Reneuco Berhad,Main – PN17,√,,,,Trading,1 November 2024,67287cb0cd34aafe7238a99f_Monthly_Announcement_1124.pdf,,
21,Sapura Energy Berhad,Main – PN17,√,,,,Trading,1 November 2024,67287cb0cd34aafe7238a99f_Monthly_Announcement_1124.pdf,,
22,Sarawak Cable Berhad,Main – PN17,√,,,,Trading,1 November 2024,67287cb0cd34aafe7238a99f_Monthly_Announcement_1124.pdf,,
23,Scomi Energy Services Berhad,Main – PN17,√,,,,Suspended,1 November 2024,67287cb0cd34aafe7238a99f_Monthly_Announcement_1124.pdf,,
24,Waja Konsortium Berhad,ACE – GN3,√,,,,Trading,1 November 2024,67287cb0cd34aafe7238a99f_Monthly_Announcement_1124.pdf,,
25,Zelan Berhad,Main – PN17,√,,,,Trading,29 October 2024,67287cb0cd34aafe7238a99f_Monthly_Announcement_1124.pdf,,
1,Ageson Berhad,Main – PN17,√,,,,Trading,2 December 2024,675125abcd34aadc2752a612_Status_of_PN17_and_GN3_Companies.pdf,,
2,Alam Maritim Resources Berhad,Main – PN17,,,,,Trading,2 December 2024,675125abcd34aadc2752a612_Status_of_PN17_and_GN3_Companies.pdf,,
3,Annum Berhad,Main – PN17,√,,,,Trading,2 December 2024,675125abcd34aadc2752a612_Status_of_PN17_and_GN3_Companies.pdf,,
4,Asdion Berhad,ACE – GN3,√,,,,Trading,2 December 2024,675125abcd34aadc2752a612_Status_of_PN17_and_GN3_Companies.pdf,,
5,Barakah Offshore Petroleum Berhad,Main – PN17,√,,,,Trading,2 December 2024,675125abcd34aadc2752a612_Status_of_PN17_and_GN3_Companies.pdf,,
6,Bertam Alliance Berhad,Main – PN17,,,,√,Trading,2 December 2024,675125abcd34aadc2752a612_Status_of_PN17_and_GN3_Companies.pdf,,
7,Bintai Kinden Corporation Berhad,Main – PN17,,,,,Trading,2 December 2024,675125abcd34aadc2752a612_Status_of_PN17_and_GN3_Companies.pdf,,
8,Capital A Berhad,Main – PN17,√,,,,Trading,2 December 2024,675125abcd34aadc2752a612_Status_of_PN17_and_GN3_Companies.pdf,,
9,E.A. Technique (M) Berhad,Main – PN17,,,,√,Trading,2 December 2024,675125abcd34aadc2752a612_Status_of_PN17_and_GN3_Companies.pdf,,
10,Ireka Corporation Berhad,Main – PN17,√,,,,Trading,3 December 2024,675125abcd34aadc2752a612_Status_of_PN17_and_GN3_Companies.pdf,,
11,Ivory Properties Group Berhad,Main – PN17,√,,,,Trading,2 December 2024,675125abcd34aadc2752a612_Status_of_PN17_and_GN3_Companies.pdf,,
12,Khee San Berhad,Main – PN17,,,√,,Trading,2 December 2024,675125abcd34aadc2752a612_Status_of_PN17_and_GN3_Companies.pdf,,
13,KNM Group Berhad,Main – PN17,√,,,,Trading,2 December 2024,675125abcd34aadc2752a612_Status_of_PN17_and_GN3_Companies.pdf,,
14,Lambo Group Berhad,ACE – GN13,√,,,,Suspended,2 December 2024,675125abcd34aadc2752a612_Status_of_PN17_and_GN3_Companies.pdf,,
15,Meridian Berhad,Main- PN17,√,,,,Trading,2 December 2024,675125abcd34aadc2752a612_Status_of_PN17_and_GN3_Companies.pdf,,
16,MMM Group Berhad (formerly known as Asia Media Group Berhad),Main- PN17,√,,,,Trading,2 December 2024,675125abcd34aadc2752a612_Status_of_PN17_and_GN3_Companies.pdf,,
17,Perak Corporation Bhd,Main – PN17,√,,,,Trading,2 December 2024,675125abcd34aadc2752a612_Status_of_PN17_and_GN3_Companies.pdf,,
18,Pharmaniaga Berhad,Main – PN17,,,√,,Trading,2 December 2024,675125abcd34aadc2752a612_Status_of_PN17_and_GN3_Companies.pdf,,
19,Reach Energy Berhad,Main – PN17,√,,,,Trading,2 December 2024,675125abcd34aadc2752a612_Status_of_PN17_and_GN3_Companies.pdf,,
20,Reneuco Berhad,Main – PN17,√,,,,Trading,2 December 2024,675125abcd34aadc2752a612_Status_of_PN17_and_GN3_Companies.pdf,,
21,Sapura Energy Berhad,Main – PN17,√,,,,Trading,2 December 2024,675125abcd34aadc2752a612_Status_of_PN17_and_GN3_Companies.pdf,,
22,Sarawak Cable Berhad,Main – PN17,√,,,,Trading,2 December 2024,675125abcd34aadc2752a612_Status_of_PN17_and_GN3_Companies.pdf,,
23,Scomi Energy Services Berhad,Main – PN17,√,,,,Suspended,2 December 2024,675125abcd34aadc2752a612_Status_of_PN17_and_GN3_Companies.pdf,,
24,Waja Konsortium Berhad,ACE – GN3,√,,,,Trading,2 December 2024,675125abcd34aadc2752a612_Status_of_PN17_and_GN3_Companies.pdf,,
25,Zelan Berhad,Main – PN17,√,,,,Trading,28 November 2024,675125abcd34aadc2752a612_Status_of_PN17_and_GN3_Companies.pdf,,
1,Alam Maritim Resources Berhad,Main – PN17,,,,√,Trading,3 October 2025,675125abcd34aadc2752a613_Status_of_PN17_and_GN3_Companies.pdf,,
2,Asdion Berhad,ACE – GN3,√,,,,Trading,1 October 2025,675125abcd34aadc2752a613_Status_of_PN17_and_GN3_Companies.pdf,,
3,Bintai Kinden Corporation Berhad,Main – PN17,,,,√,Trading,1 October 2025,675125abcd34aadc2752a613_Status_of_PN17_and_GN3_Companies.pdf,,
4,Capital A Berhad,Main – PN17,,,√,,Trading,1 October 2025,675125abcd34aadc2752a613_Status_of_PN17_and_GN3_Companies.pdf,,
5,Ho Hup Construction Company Berhad,Main – PN17,√,,,,Trading,1 October 2025,675125abcd34aadc2752a613_Status_of_PN17_and_GN3_Companies.pdf,,
6,Ireka Corporation Berhad,Main – PN17,√,,,,Trading,3 October 2025,675125abcd34aadc2752a613_Status_of_PN17_and_GN3_Companies.pdf,,
7,Ivory Properties Group Berhad,Main – PN17,√,,,,Suspended,1 October 2025,675125abcd34aadc2752a613_Status_of_PN17_and_GN3_Companies.pdf,,
8,Khee San Berhad,Main – PN17,,,√,,Trading,1 October 2025,675125abcd34aadc2752a613_Status_of_PN17_and_GN3_Companies.pdf,,
9,KNM Group Berhad,Main – PN17,√*,,,,Trading,Note: * KNM’s proposed regularisation plan has been rejected by Bursa on 3,675125abcd34aadc2752a613_Status_of_PN17_and_GN3_Companies.pdf,,
,,,,,,,,October 2025. KNM has up to 2 November 2025 to submit an appeal against the rejection of the proposed regularisation plan. 3 October 2025 Announcement dated 3 October 2025 Announcement dated 1 October 2025,675125abcd34aadc2752a613_Status_of_PN17_and_GN3_Companies.pdf,,
10,Lambo Group Berhad,ACE – GN13,√,,,,Suspended,1 October 2025,675125abcd34aadc2752a613_Status_of_PN17_and_GN3_Companies.pdf,,
11,LYC Healthcare Berhad,ACE – GN3,√,,,,Trading,1 October 2025,675125abcd34aadc2752a613_Status_of_PN17_and_GN3_Companies.pdf,,
12,Meridian Berhad,Main- PN17,√,,,,Trading,1 October 2025,675125abcd34aadc2752a613_Status_of_PN17_and_GN3_Companies.pdf,,
13,MMM Group Berhad,Main- PN17,√,,,,Suspended,1 October 2025,675125abcd34aadc2752a613_Status_of_PN17_and_GN3_Companies.pdf,,
14,Perak Corporation Bhd,Main – PN17,,√,,,Trading,1 October 2025,675125abcd34aadc2752a613_Status_of_PN17_and_GN3_Companies.pdf,,
15,Pharmaniaga Berhad,Main – PN17,,,,√,Trading,1 October 2025,675125abcd34aadc2752a613_Status_of_PN17_and_GN3_Companies.pdf,,
16,Reneuco Berhad,Main – PN17,√,,,,Trading,2 October 2025,675125abcd34aadc2752a613_Status_of_PN17_and_GN3_Companies.pdf,,
17,Vantris Energy Berhad (formerly known as Sapura Energy Berhad),Main – PN17,,,,√,Trading,1 October 2025,675125abcd34aadc2752a613_Status_of_PN17_and_GN3_Companies.pdf,,
18,Sentoria Group Berhad,Main - PN17,√,,,,Trading,1 October 2025,675125abcd34aadc2752a613_Status_of_PN17_and_GN3_Companies.pdf,,
19,TXCD Berhad (formerly known as Ageson Berhad),Main – PN17,√,,,,Trading,1 October 2025,675125abcd34aadc2752a613_Status_of_PN17_and_GN3_Companies.pdf,,
20,Waja Konsortium Berhad,ACE – GN3,√,,,,Trading,1 October 2025,675125abcd34aadc2752a613_Status_of_PN17_and_GN3_Companies.pdf,,
21,Zelan Berhad,Main – PN17,√,,,,Trading,1 October 2025,675125abcd34aadc2752a613_Status_of_PN17_and_GN3_Companies.pdf,,
1,Alam Maritim Resources Berhad,Main – PN17,,√,,,Trading,2 January 2025,677c832be6414a9ba824433c_Status_of_PN17_and_GN3_Companies.pdf,,
2,Annum Berhad,Main – PN17,√,,,,Trading,2 January 2025,677c832be6414a9ba824433c_Status_of_PN17_and_GN3_Companies.pdf,,
3,Asdion Berhad,ACE – GN3,√,,,,Trading,2 January 2025,677c832be6414a9ba824433c_Status_of_PN17_and_GN3_Companies.pdf,,
4,Barakah Offshore Petroleum Berhad,Main – PN17,√,,,,Trading,2 January 2025,677c832be6414a9ba824433c_Status_of_PN17_and_GN3_Companies.pdf,,
5,Bertam Alliance Berhad,Main – PN17,,,,√,Trading,2 January 2025,677c832be6414a9ba824433c_Status_of_PN17_and_GN3_Companies.pdf,,
6,Bintai Kinden Corporation Berhad,Main – PN17,,√,,,Trading,2 January 2025,677c832be6414a9ba824433c_Status_of_PN17_and_GN3_Companies.pdf,,
7,Capital A Berhad,Main – PN17,,√,,,Trading,2 January 2025,677c832be6414a9ba824433c_Status_of_PN17_and_GN3_Companies.pdf,,
8,E.A. Technique (M) Berhad,Main – PN17,,,,√,Trading,2 January 2025,677c832be6414a9ba824433c_Status_of_PN17_and_GN3_Companies.pdf,,
9,Ireka Corporation Berhad,Main – PN17,√,,,,Trading,2 January 2025,677c832be6414a9ba824433c_Status_of_PN17_and_GN3_Companies.pdf,,
10,Ivory Properties Group Berhad,Main – PN17,√,,,,Trading,2 January 2025,677c832be6414a9ba824433c_Status_of_PN17_and_GN3_Companies.pdf,,
11,Khee San Berhad,Main – PN17,,,√,,Trading,2 January 2025,677c832be6414a9ba824433c_Status_of_PN17_and_GN3_Companies.pdf,,
12,KNM Group Berhad,Main – PN17,√,,,,Trading,2 January 2025,677c832be6414a9ba824433c_Status_of_PN17_and_GN3_Companies.pdf,,
13,Lambo Group Berhad,ACE – GN13,√,,,,Suspended,2 January 2025,677c832be6414a9ba824433c_Status_of_PN17_and_GN3_Companies.pdf,,
14,Meridian Berhad,Main- PN17,√,,,,Trading,2 January 2025,677c832be6414a9ba824433c_Status_of_PN17_and_GN3_Companies.pdf,,
15,MMM Group Berhad (formerly known as Asia Media Group Berhad),Main- PN17,√,,,,Trading,2 January 2025,677c832be6414a9ba824433c_Status_of_PN17_and_GN3_Companies.pdf,,
16,Perak Corporation Bhd,Main – PN17,√,,,,Trading,2 January 2025,677c832be6414a9ba824433c_Status_of_PN17_and_GN3_Companies.pdf,,
17,Pharmaniaga Berhad,Main – PN17,,,√,,Trading,2 January 2025,677c832be6414a9ba824433c_Status_of_PN17_and_GN3_Companies.pdf,,
18,Reach Energy Berhad,Main – PN17,√,,,,Trading,2 January 2025,677c832be6414a9ba824433c_Status_of_PN17_and_GN3_Companies.pdf,,
19,Reneuco Berhad,Main – PN17,√,,,,Trading,2 January 2025,677c832be6414a9ba824433c_Status_of_PN17_and_GN3_Companies.pdf,,
20,Sapura Energy Berhad,Main – PN17,√,,,,Trading,2 January 2025,677c832be6414a9ba824433c_Status_of_PN17_and_GN3_Companies.pdf,,
21,Sarawak Cable Berhad,Main – PN17,√,,,,Trading,2 January 2025,677c832be6414a9ba824433c_Status_of_PN17_and_GN3_Companies.pdf,,
22,Sentoria Group Berhad,Main - PN17,√,,,,Trading,2 January 2025,677c832be6414a9ba824433c_Status_of_PN17_and_GN3_Companies.pdf,,
23,Scomi Energy Services Berhad,Main – PN17,√,,,,Suspended,2 January 2025,677c832be6414a9ba824433c_Status_of_PN17_and_GN3_Companies.pdf,,
24,TXCD Berhad (formerly known as Ageson Berhad),Main – PN17,√,,,,Trading,2 January 2025,677c832be6414a9ba824433c_Status_of_PN17_and_GN3_Companies.pdf,,
25,Waja Konsortium Berhad,ACE – GN3,√,,,,Trading,2 January 2025,677c832be6414a9ba824433c_Status_of_PN17_and_GN3_Companies.pdf,,
26,Zelan Berhad,Main – PN17,√,,,,Trading,27 December 2024,677c832be6414a9ba824433c_Status_of_PN17_and_GN3_Companies.pdf,,
1,Alam Maritim Resources Berhad,Main – PN17,,,,√,Trading,3 November 2025,677c832be6414a9ba824434c_Status_of_PN17_and_GN3_Companies.pdf,,
2,Asdion Berhad,ACE – GN3,√,,,,Trading,3 November 2025,677c832be6414a9ba824434c_Status_of_PN17_and_GN3_Companies.pdf,,
3,Bintai Kinden Corporation Berhad,Main – PN17,,,,√,Trading,3 November 2025,677c832be6414a9ba824434c_Status_of_PN17_and_GN3_Companies.pdf,,
4,Capital A Berhad,Main – PN17,,,√,,Trading,3 November 2025,677c832be6414a9ba824434c_Status_of_PN17_and_GN3_Companies.pdf,,
5,Ho Hup Construction Company Berhad,Main – PN17,√,,,,Trading,3 November 2025,677c832be6414a9ba824434c_Status_of_PN17_and_GN3_Companies.pdf,,
6,Ireka Corporation Berhad,Main – PN17,√,,,,Suspended,3 November 2025,677c832be6414a9ba824434c_Status_of_PN17_and_GN3_Companies.pdf,,
7,Khee San Berhad,Main – PN17,,,√,,Trading,3 November 2025,677c832be6414a9ba824434c_Status_of_PN17_and_GN3_Companies.pdf,,
8,Lambo Group Berhad,ACE – GN13,√,,,,Suspended,3 November 2025,677c832be6414a9ba824434c_Status_of_PN17_and_GN3_Companies.pdf,,
9,LYC Healthcare Berhad,ACE – GN3,√,,,,Trading,Hyperlink:,677c832be6414a9ba824434c_Status_of_PN17_and_GN3_Companies.pdf,,
,,,,,,,,Announcement dated 3 November 2025,677c832be6414a9ba824434c_Status_of_PN17_and_GN3_Companies.pdf,,
10,Meridian Berhad,Main- PN17,√,,,,Trading,3 November 2025,677c832be6414a9ba824434c_Status_of_PN17_and_GN3_Companies.pdf,,
11,MMM Group Berhad,Main- PN17,√,,,,Suspended,3 November 2025,677c832be6414a9ba824434c_Status_of_PN17_and_GN3_Companies.pdf,,
12,Perak Corporation Bhd,Main – PN17,,√,,,Trading,3 November 2025,677c832be6414a9ba824434c_Status_of_PN17_and_GN3_Companies.pdf,,
13,Pharmaniaga Berhad,Main – PN17,,,,√,Trading,4 November 2025,677c832be6414a9ba824434c_Status_of_PN17_and_GN3_Companies.pdf,,
14,Reneuco Berhad,Main – PN17,√,,,,Trading,3 November 2025,677c832be6414a9ba824434c_Status_of_PN17_and_GN3_Companies.pdf,,
15,Vantris Energy Berhad (formerly known as Sapura Energy Berhad),Main – PN17,,,,√,Trading,3 November 2025,677c832be6414a9ba824434c_Status_of_PN17_and_GN3_Companies.pdf,,
16,Sentoria Group Berhad,Main - PN17,√,,,,Trading,3 November 2025,677c832be6414a9ba824434c_Status_of_PN17_and_GN3_Companies.pdf,,
17,TXCD Berhad (formerly known as Ageson Berhad),Main – PN17,√,,,,Trading,3 November 2025,677c832be6414a9ba824434c_Status_of_PN17_and_GN3_Companies.pdf,,
18,Waja Konsortium Berhad,ACE – GN3,√,,,,Trading,3 November 2025,677c832be6414a9ba824434c_Status_of_PN17_and_GN3_Companies.pdf,,
19,Zelan Berhad,Main – PN17,√,,,,Trading,3 November 2025,677c832be6414a9ba824434c_Status_of_PN17_and_GN3_Companies.pdf,,
1,Alam Maritim Resources Berhad,Main – PN17,,√,,,Trading,3 February 2025,67a40b07e6414af5ea14dea1_Status_of_PN17_and_GN3_Companies.pdf,,
2,Annum Berhad,Main – PN17,√,,,,Trading,3 February 2025,67a40b07e6414af5ea14dea1_Status_of_PN17_and_GN3_Companies.pdf,,
3,Asdion Berhad,ACE – GN3,√,,,,Trading,3 February 2025,67a40b07e6414af5ea14dea1_Status_of_PN17_and_GN3_Companies.pdf,,
4,Barakah Offshore Petroleum Berhad,Main – PN17,√,,,,Trading,3 February 2025,67a40b07e6414af5ea14dea1_Status_of_PN17_and_GN3_Companies.pdf,,
5,Bertam Alliance Berhad,Main – PN17,,,,√,Trading,3 February 2025,67a40b07e6414af5ea14dea1_Status_of_PN17_and_GN3_Companies.pdf,,
6,Bintai Kinden Corporation Berhad,Main – PN17,,,√,,Trading,3 February 2025,67a40b07e6414af5ea14dea1_Status_of_PN17_and_GN3_Companies.pdf,,
7,Capital A Berhad,Main – PN17,,√,,,Trading,3 February 2025,67a40b07e6414af5ea14dea1_Status_of_PN17_and_GN3_Companies.pdf,,
8,E.A. Technique (M) Berhad,Main – PN17,,,,√,Trading,3 February 2025,67a40b07e6414af5ea14dea1_Status_of_PN17_and_GN3_Companies.pdf,,
9,Ireka Corporation Berhad,Main – PN17,√,,,,Trading,3 February 2025,67a40b07e6414af5ea14dea1_Status_of_PN17_and_GN3_Companies.pdf,,
10,Ivory Properties Group Berhad,Main – PN17,√,,,,Trading,3 February 2025,67a40b07e6414af5ea14dea1_Status_of_PN17_and_GN3_Companies.pdf,,
11,Khee San Berhad,Main – PN17,,,√,,Trading,3 February 2025,67a40b07e6414af5ea14dea1_Status_of_PN17_and_GN3_Companies.pdf,,
12,KNM Group Berhad,Main – PN17,√,,,,Trading,3 February 2025,67a40b07e6414af5ea14dea1_Status_of_PN17_and_GN3_Companies.pdf,,
13,Lambo Group Berhad,ACE – GN13,√,,,,Suspended,3 February 2025,67a40b07e6414af5ea14dea1_Status_of_PN17_and_GN3_Companies.pdf,,
14,Meridian Berhad,Main- PN17,√,,,,Trading,3 February 2025,67a40b07e6414af5ea14dea1_Status_of_PN17_and_GN3_Companies.pdf,,
15,MMM Group Berhad (formerly known as Asia Media Group Berhad),Main- PN17,,√,,,Trading,3 February 2025,67a40b07e6414af5ea14dea1_Status_of_PN17_and_GN3_Companies.pdf,,
16,Perak Corporation Bhd,Main – PN17,√,,,,Trading,3 February 2025,67a40b07e6414af5ea14dea1_Status_of_PN17_and_GN3_Companies.pdf,,
17,Pharmaniaga Berhad,Main – PN17,,,√,,Trading,4 February 2025,67a40b07e6414af5ea14dea1_Status_of_PN17_and_GN3_Companies.pdf,,
18,Reach Energy Berhad,Main – PN17,√,,,,Trading,3 February 2025,67a40b07e6414af5ea14dea1_Status_of_PN17_and_GN3_Companies.pdf,,
19,Reneuco Berhad,Main – PN17,√,,,,Trading,3 February 2025,67a40b07e6414af5ea14dea1_Status_of_PN17_and_GN3_Companies.pdf,,
20,Sapura Energy Berhad,Main – PN17,√,,,,Trading,3 February 2025,67a40b07e6414af5ea14dea1_Status_of_PN17_and_GN3_Companies.pdf,,
21,Sarawak Cable Berhad,Main – PN17,√,,,,Trading,3 February 2025,67a40b07e6414af5ea14dea1_Status_of_PN17_and_GN3_Companies.pdf,,
22,Sentoria Group Berhad,Main - PN17,√,,,,Trading,3 February 2025,67a40b07e6414af5ea14dea1_Status_of_PN17_and_GN3_Companies.pdf,,
23,Scomi Energy Services Berhad,Main – PN17,√,,,,Suspended,4 February 2025,67a40b07e6414af5ea14dea1_Status_of_PN17_and_GN3_Companies.pdf,,
24,TXCD Berhad (formerly known as Ageson Berhad),Main – PN17,√,,,,Trading,3 February 2025,67a40b07e6414af5ea14dea1_Status_of_PN17_and_GN3_Companies.pdf,,
25,Waja Konsortium Berhad,ACE – GN3,√,,,,Trading,3 February 2025,67a40b07e6414af5ea14dea1_Status_of_PN17_and_GN3_Companies.pdf,,
26,Zelan Berhad,Main – PN17,√,,,,Trading,28 January 2025,67a40b07e6414af5ea14dea1_Status_of_PN17_and_GN3_Companies.pdf,,
1,Alam Maritim Resources Berhad,Main – PN17,,√,,,Trading,3 March 2025,67c7cad0e6414a46e8bbdf91_Status_of_PN17_and_GN3_Companies__March_.pdf,,
2,Annum Berhad,Main – PN17,√,,,,Trading,3 March 2025,67c7cad0e6414a46e8bbdf91_Status_of_PN17_and_GN3_Companies__March_.pdf,,
3,Asdion Berhad,ACE – GN3,√,,,,Trading,3 March 2025,67c7cad0e6414a46e8bbdf91_Status_of_PN17_and_GN3_Companies__March_.pdf,,
4,Barakah Offshore Petroleum Berhad,Main – PN17,√,,,,Trading,3 March 2025,67c7cad0e6414a46e8bbdf91_Status_of_PN17_and_GN3_Companies__March_.pdf,,
5,Bertam Alliance Berhad,Main – PN17,,,,√,Trading,3 March 2025,67c7cad0e6414a46e8bbdf91_Status_of_PN17_and_GN3_Companies__March_.pdf,,
6,Bintai Kinden Corporation Berhad,Main – PN17,,,√,,Trading,3 March 2025,67c7cad0e6414a46e8bbdf91_Status_of_PN17_and_GN3_Companies__March_.pdf,,
7,Capital A Berhad,Main – PN17,,√,,,Trading,3 March 2025,67c7cad0e6414a46e8bbdf91_Status_of_PN17_and_GN3_Companies__March_.pdf,,
8,Ireka Corporation Berhad,Main – PN17,√,,,,Trading,3 March 2025,67c7cad0e6414a46e8bbdf91_Status_of_PN17_and_GN3_Companies__March_.pdf,,
9,Ivory Properties Group Berhad,Main – PN17,√,,,,Trading,3 March 2025,67c7cad0e6414a46e8bbdf91_Status_of_PN17_and_GN3_Companies__March_.pdf,,
10,Khee San Berhad,Main – PN17,,,√,,Trading,3 March 2025,67c7cad0e6414a46e8bbdf91_Status_of_PN17_and_GN3_Companies__March_.pdf,,
11,KNM Group Berhad,Main – PN17,√,,,,Trading,3 March 2025,67c7cad0e6414a46e8bbdf91_Status_of_PN17_and_GN3_Companies__March_.pdf,,
12,Lambo Group Berhad,ACE – GN13,√,,,,Suspended,3 March 2025,67c7cad0e6414a46e8bbdf91_Status_of_PN17_and_GN3_Companies__March_.pdf,,
13,Meridian Berhad,Main- PN17,√,,,,Trading,3 March 2025,67c7cad0e6414a46e8bbdf91_Status_of_PN17_and_GN3_Companies__March_.pdf,,
14,MMM Group Berhad (formerly known as Asia Media Group Berhad),Main- PN17,,√,,,Trading,3 March 2025,67c7cad0e6414a46e8bbdf91_Status_of_PN17_and_GN3_Companies__March_.pdf,,
15,Perak Corporation Bhd,Main – PN17,√,,,,Trading,3 March 2025,67c7cad0e6414a46e8bbdf91_Status_of_PN17_and_GN3_Companies__March_.pdf,,
16,Pharmaniaga Berhad,Main – PN17,,,√,,Trading,3 March 2025,67c7cad0e6414a46e8bbdf91_Status_of_PN17_and_GN3_Companies__March_.pdf,,
17,Reach Energy Berhad,Main – PN17,√,,,,Trading,3 March 2025,67c7cad0e6414a46e8bbdf91_Status_of_PN17_and_GN3_Companies__March_.pdf,,
18,Reneuco Berhad,Main – PN17,√,,,,Trading,3 March 2025,67c7cad0e6414a46e8bbdf91_Status_of_PN17_and_GN3_Companies__March_.pdf,,
19,Sapura Energy Berhad,Main – PN17,√,,,,Trading,3 March 2025,67c7cad0e6414a46e8bbdf91_Status_of_PN17_and_GN3_Companies__March_.pdf,,
20,Sarawak Cable Berhad,Main – PN17,√,,,,Trading,3 March 2025,67c7cad0e6414a46e8bbdf91_Status_of_PN17_and_GN3_Companies__March_.pdf,,
21,Sentoria Group Berhad,Main - PN17,√,,,,Trading,3 March 2025,67c7cad0e6414a46e8bbdf91_Status_of_PN17_and_GN3_Companies__March_.pdf,,
22,TXCD Berhad (formerly known as Ageson Berhad),Main – PN17,√,,,,Trading,3 March 2025,67c7cad0e6414a46e8bbdf91_Status_of_PN17_and_GN3_Companies__March_.pdf,,
23,Waja Konsortium Berhad,ACE – GN3,√,,,,Trading,3 March 2025,67c7cad0e6414a46e8bbdf91_Status_of_PN17_and_GN3_Companies__March_.pdf,,
24,Zelan Berhad,Main – PN17,√,,,,Trading,28 February 2025,67c7cad0e6414a46e8bbdf91_Status_of_PN17_and_GN3_Companies__March_.pdf,,
1,Alam Maritim Resources Berhad,Main – PN17,,√,,,Trading,2 April 2025,67efa1ede6414abe9da32361_Status_of_PN17_and_GN3_Companies.pdf,,
2,Annum Berhad,Main – PN17,√,,,,Trading,2 April 2025,67efa1ede6414abe9da32361_Status_of_PN17_and_GN3_Companies.pdf,,
3,Asdion Berhad,ACE – GN3,√,,,,Trading,2 April 2025,67efa1ede6414abe9da32361_Status_of_PN17_and_GN3_Companies.pdf,,
4,Barakah Offshore Petroleum Berhad,Main – PN17,√,,,,Trading,2 April 2025,67efa1ede6414abe9da32361_Status_of_PN17_and_GN3_Companies.pdf,,
5,Bertam Alliance Berhad,Main – PN17,,,,√,Trading,4 April 2025,67efa1ede6414abe9da32361_Status_of_PN17_and_GN3_Companies.pdf,,
6,Bintai Kinden Corporation Berhad,Main – PN17,,,√,,Trading,2 April 2025,67efa1ede6414abe9da32361_Status_of_PN17_and_GN3_Companies.pdf,,
7,Capital A Berhad,Main – PN17,,,√,,Trading,2 April 2025,67efa1ede6414abe9da32361_Status_of_PN17_and_GN3_Companies.pdf,,
8,Ireka Corporation Berhad,Main – PN17,√,,,,Trading,2 April 2025,67efa1ede6414abe9da32361_Status_of_PN17_and_GN3_Companies.pdf,,
9,Ivory Properties Group Berhad,Main – PN17,√,,,,Trading,2 April 2025,67efa1ede6414abe9da32361_Status_of_PN17_and_GN3_Companies.pdf,,
10,Khee San Berhad,Main – PN17,,,√,,Trading,2 April 2025,67efa1ede6414abe9da32361_Status_of_PN17_and_GN3_Companies.pdf,,
11,KNM Group Berhad,Main – PN17,√,,,,Trading,2 April 2025,67efa1ede6414abe9da32361_Status_of_PN17_and_GN3_Companies.pdf,,
12,Lambo Group Berhad,ACE – GN13,√,,,,Suspended,2 April 2025,67efa1ede6414abe9da32361_Status_of_PN17_and_GN3_Companies.pdf,,
13,Meridian Berhad,Main- PN17,√,,,,Trading,2 April 2025,67efa1ede6414abe9da32361_Status_of_PN17_and_GN3_Companies.pdf,,
14,MMM Group Berhad (formerly known as Asia Media Group Berhad),Main- PN17,,√,,,Trading,2 April 2025,67efa1ede6414abe9da32361_Status_of_PN17_and_GN3_Companies.pdf,,
15,Perak Corporation Bhd,Main – PN17,√,,,,Trading,2 April 2025,67efa1ede6414abe9da32361_Status_of_PN17_and_GN3_Companies.pdf,,
16,Pharmaniaga Berhad,Main – PN17,,,√,,Trading,2 April 2025,67efa1ede6414abe9da32361_Status_of_PN17_and_GN3_Companies.pdf,,
17,Reach Energy Berhad,Main – PN17,√,,,,Trading,2 April 2025,67efa1ede6414abe9da32361_Status_of_PN17_and_GN3_Companies.pdf,,
18,Reneuco Berhad,Main – PN17,√,,,,Trading,2 April 2025,67efa1ede6414abe9da32361_Status_of_PN17_and_GN3_Companies.pdf,,
19,Sapura Energy Berhad,Main – PN17,√,,,,Trading,2 April 2025,67efa1ede6414abe9da32361_Status_of_PN17_and_GN3_Companies.pdf,,
20,Sarawak Cable Berhad,Main – PN17,√,,,,Trading,2 April 2025,67efa1ede6414abe9da32361_Status_of_PN17_and_GN3_Companies.pdf,,
21,Sentoria Group Berhad,Main - PN17,√,,,,Trading,2 April 2025,67efa1ede6414abe9da32361_Status_of_PN17_and_GN3_Companies.pdf,,
22,TXCD Berhad (formerly known as Ageson Berhad),Main – PN17,√,,,,Trading,2 April 2025,67efa1ede6414abe9da32361_Status_of_PN17_and_GN3_Companies.pdf,,
23,Waja Konsortium Berhad,ACE – GN3,√,,,,Trading,2 April 2025,67efa1ede6414abe9da32361_Status_of_PN17_and_GN3_Companies.pdf,,
24,Zelan Berhad,Main – PN17,√,,,,Trading,2 April 2025,67efa1ede6414abe9da32361_Status_of_PN17_and_GN3_Companies.pdf,,
1,Alam Maritim Resources Berhad,Main – PN17,,√,,,Trading,2 May 2025,6818844dcd34aa56cfc1b330_Status_of_PN17_and_GN3_Companies.pdf,,
2,Annum Berhad,Main – PN17,√,,,,Trading,2 May 2025,6818844dcd34aa56cfc1b330_Status_of_PN17_and_GN3_Companies.pdf,,
3,Asdion Berhad,ACE – GN3,√,,,,Trading,2 May 2025,6818844dcd34aa56cfc1b330_Status_of_PN17_and_GN3_Companies.pdf,,
4,Barakah Offshore Petroleum Berhad,Main – PN17,√,,,,Trading,2 May 2025,6818844dcd34aa56cfc1b330_Status_of_PN17_and_GN3_Companies.pdf,,
5,Bertam Alliance Berhad,Main – PN17,,,,√,Trading,2 May 2025,6818844dcd34aa56cfc1b330_Status_of_PN17_and_GN3_Companies.pdf,,
6,Bintai Kinden Corporation Berhad,Main – PN17,,,√,,Trading,2 May 2025,6818844dcd34aa56cfc1b330_Status_of_PN17_and_GN3_Companies.pdf,,
7,Capital A Berhad,Main – PN17,,,√,,Trading,2 May 2025,6818844dcd34aa56cfc1b330_Status_of_PN17_and_GN3_Companies.pdf,,
8,Ho Hup Construction Company Berhad,Main – PN17,√,,,,Trading,2 May 2025,6818844dcd34aa56cfc1b330_Status_of_PN17_and_GN3_Companies.pdf,,
9,Ireka Corporation Berhad,Main – PN17,√,,,,Trading,5 May 2025,6818844dcd34aa56cfc1b330_Status_of_PN17_and_GN3_Companies.pdf,,
10,Ivory Properties Group Berhad,Main – PN17,√,,,,Trading,2 May 2025,6818844dcd34aa56cfc1b330_Status_of_PN17_and_GN3_Companies.pdf,,
11,Khee San Berhad,Main – PN17,,,√,,Trading,2 May 2025,6818844dcd34aa56cfc1b330_Status_of_PN17_and_GN3_Companies.pdf,,
12,KNM Group Berhad,Main – PN17,√,,,,Trading,2 May 2025,6818844dcd34aa56cfc1b330_Status_of_PN17_and_GN3_Companies.pdf,,
13,Lambo Group Berhad,ACE – GN13,√,,,,Suspended,2 May 2025,6818844dcd34aa56cfc1b330_Status_of_PN17_and_GN3_Companies.pdf,,
14,Meridian Berhad,Main- PN17,√,,,,Trading,2 May 2025,6818844dcd34aa56cfc1b330_Status_of_PN17_and_GN3_Companies.pdf,,
15,MMM Group Berhad,Main- PN17,,√,,,Trading,2 May 2025,6818844dcd34aa56cfc1b330_Status_of_PN17_and_GN3_Companies.pdf,,
16,Perak Corporation Bhd,Main – PN17,√,,,,Trading,2 May 2025,6818844dcd34aa56cfc1b330_Status_of_PN17_and_GN3_Companies.pdf,,
17,Pharmaniaga Berhad,Main – PN17,,,√,,Trading,2 May 2025,6818844dcd34aa56cfc1b330_Status_of_PN17_and_GN3_Companies.pdf,,
18,Reneuco Berhad,Main – PN17,√,,,,Trading,2 May 2025,6818844dcd34aa56cfc1b330_Status_of_PN17_and_GN3_Companies.pdf,,
19,Sapura Energy Berhad,Main – PN17,√,,,,Trading,2 May 2025,6818844dcd34aa56cfc1b330_Status_of_PN17_and_GN3_Companies.pdf,,
20,Sarawak Cable Berhad,Main – PN17,√,,,,Trading,2 May 2025,6818844dcd34aa56cfc1b330_Status_of_PN17_and_GN3_Companies.pdf,,
21,Sentoria Group Berhad,Main - PN17,√,,,,Trading,2 May 2025,6818844dcd34aa56cfc1b330_Status_of_PN17_and_GN3_Companies.pdf,,
22,TXCD Berhad,Main – PN17,√,,,,Trading,2 May 2025,6818844dcd34aa56cfc1b330_Status_of_PN17_and_GN3_Companies.pdf,,
23,Waja Konsortium Berhad,ACE – GN3,√,,,,Trading,2 May 2025,6818844dcd34aa56cfc1b330_Status_of_PN17_and_GN3_Companies.pdf,,
24,Zelan Berhad,Main – PN17,√,,,,Trading,2 May 2025,6818844dcd34aa56cfc1b330_Status_of_PN17_and_GN3_Companies.pdf,,
1,Alam Maritim Resources Berhad,Main – PN17,,,√,,Trading,3 June 2025,683ffff9cd34aa548118b0d9_Status_of_PN17_and_GN3_Companies.pdf,,
2,Annum Berhad,Main – PN17,√,,,,Trading,3 June 2025,683ffff9cd34aa548118b0d9_Status_of_PN17_and_GN3_Companies.pdf,,
3,Asdion Berhad,ACE – GN3,√,,,,Trading,3 June 2025,683ffff9cd34aa548118b0d9_Status_of_PN17_and_GN3_Companies.pdf,,
4,Bertam Alliance Berhad,Main – PN17,,,,√,Trading,3 June 2025,683ffff9cd34aa548118b0d9_Status_of_PN17_and_GN3_Companies.pdf,,
5,Bintai Kinden Corporation Berhad,Main – PN17,,,√,,Trading,3 June 2025,683ffff9cd34aa548118b0d9_Status_of_PN17_and_GN3_Companies.pdf,,
6,Capital A Berhad,Main – PN17,,,√,,Trading,3 June 2025,683ffff9cd34aa548118b0d9_Status_of_PN17_and_GN3_Companies.pdf,,
7,Ho Hup Construction Company Berhad,Main – PN17,√,,,,Trading,3 June 2025,683ffff9cd34aa548118b0d9_Status_of_PN17_and_GN3_Companies.pdf,,
8,Ireka Corporation Berhad,Main – PN17,√,,,,Trading,3 June 2025,683ffff9cd34aa548118b0d9_Status_of_PN17_and_GN3_Companies.pdf,,
9,Ivory Properties Group Berhad,Main – PN17,√,,,,Trading,3 June 2025,683ffff9cd34aa548118b0d9_Status_of_PN17_and_GN3_Companies.pdf,,
10,Khee San Berhad,Main – PN17,,,√,,Trading,3 June 2025,683ffff9cd34aa548118b0d9_Status_of_PN17_and_GN3_Companies.pdf,,
11,KNM Group Berhad,Main – PN17,√,,,,Trading,3 June 2025,683ffff9cd34aa548118b0d9_Status_of_PN17_and_GN3_Companies.pdf,,
12,Lambo Group Berhad,ACE – GN13,√,,,,Suspended,3 June 2025,683ffff9cd34aa548118b0d9_Status_of_PN17_and_GN3_Companies.pdf,,
13,LYC Healthcare Berhad,ACE – GN3,√,,,,Trading,3 June 2025,683ffff9cd34aa548118b0d9_Status_of_PN17_and_GN3_Companies.pdf,,
14,Meridian Berhad,Main- PN17,√,,,,Trading,3 June 2025,683ffff9cd34aa548118b0d9_Status_of_PN17_and_GN3_Companies.pdf,,
15,MMM Group Berhad,Main- PN17,,√,,,Trading,3 June 2025,683ffff9cd34aa548118b0d9_Status_of_PN17_and_GN3_Companies.pdf,,
16,Perak Corporation Bhd,Main – PN17,,√,,,Trading,4 June 2024,683ffff9cd34aa548118b0d9_Status_of_PN17_and_GN3_Companies.pdf,,
17,Pharmaniaga Berhad,Main – PN17,,,√,,Trading,3 June 2025,683ffff9cd34aa548118b0d9_Status_of_PN17_and_GN3_Companies.pdf,,
18,Reneuco Berhad,Main – PN17,√,,,,Trading,3 June 2025,683ffff9cd34aa548118b0d9_Status_of_PN17_and_GN3_Companies.pdf,,
19,Sapura Energy Berhad,Main – PN17,,√,,,Trading,3 June 2025,683ffff9cd34aa548118b0d9_Status_of_PN17_and_GN3_Companies.pdf,,
20,Sarawak Cable Berhad,Main – PN17,√,,,,Trading,3 June 2025,683ffff9cd34aa548118b0d9_Status_of_PN17_and_GN3_Companies.pdf,,
21,Sentoria Group Berhad,Main - PN17,√,,,,Trading,3 June 2025,683ffff9cd34aa548118b0d9_Status_of_PN17_and_GN3_Companies.pdf,,
22,TXCD Berhad,Main – PN17,√,,,,Trading,3 June 2025,683ffff9cd34aa548118b0d9_Status_of_PN17_and_GN3_Companies.pdf,,
23,Waja Konsortium Berhad,ACE – GN3,√,,,,Trading,3 June 2025,683ffff9cd34aa548118b0d9_Status_of_PN17_and_GN3_Companies.pdf,,
24,Zelan Berhad,Main – PN17,√,,,,Trading,3 June 2025,683ffff9cd34aa548118b0d9_Status_of_PN17_and_GN3_Companies.pdf,,
1,Alam Maritim Resources Berhad,Main – PN17,,,√,,Trading,1 July 2025,6865e8cccd34aaddc0b03019_Status_of_PN17_and_GN3_Companies__July_.pdf,,
2,Annum Berhad,Main – PN17,√,,,,Trading,1 July 2025,6865e8cccd34aaddc0b03019_Status_of_PN17_and_GN3_Companies__July_.pdf,,
3,Asdion Berhad,ACE – GN3,√,,,,Trading,1 July 2025,6865e8cccd34aaddc0b03019_Status_of_PN17_and_GN3_Companies__July_.pdf,,
4,Bintai Kinden Corporation Berhad,Main – PN17,,,,√,Trading,1 July 2025,6865e8cccd34aaddc0b03019_Status_of_PN17_and_GN3_Companies__July_.pdf,,
5,Capital A Berhad,Main – PN17,,,√,,Trading,1 July 2025,6865e8cccd34aaddc0b03019_Status_of_PN17_and_GN3_Companies__July_.pdf,,
6,Ho Hup Construction Company Berhad,Main – PN17,√,,,,Trading,1 July 2025,6865e8cccd34aaddc0b03019_Status_of_PN17_and_GN3_Companies__July_.pdf,,
7,Ireka Corporation Berhad,Main – PN17,√,,,,Trading,1 July 2025,6865e8cccd34aaddc0b03019_Status_of_PN17_and_GN3_Companies__July_.pdf,,
8,Ivory Properties Group Berhad,Main – PN17,√,,,,Trading,1 July 2025,6865e8cccd34aaddc0b03019_Status_of_PN17_and_GN3_Companies__July_.pdf,,
9,Khee San Berhad,Main – PN17,,,√,,Trading,1 July 2025,6865e8cccd34aaddc0b03019_Status_of_PN17_and_GN3_Companies__July_.pdf,,
10,KNM Group Berhad,Main – PN17,√,,,,Trading,1 July 2025,6865e8cccd34aaddc0b03019_Status_of_PN17_and_GN3_Companies__July_.pdf,,
11,Lambo Group Berhad,ACE – GN13,√,,,,Suspended,1 July 2025,6865e8cccd34aaddc0b03019_Status_of_PN17_and_GN3_Companies__July_.pdf,,
12,LYC Healthcare Berhad,ACE – GN3,√,,,,Trading,1 July 2025,6865e8cccd34aaddc0b03019_Status_of_PN17_and_GN3_Companies__July_.pdf,,
13,Meridian Berhad,Main- PN17,√,,,,Trading,1 July 2025,6865e8cccd34aaddc0b03019_Status_of_PN17_and_GN3_Companies__July_.pdf,,
14,MMM Group Berhad,Main- PN17,,√,,,Trading,1 July 2025,6865e8cccd34aaddc0b03019_Status_of_PN17_and_GN3_Companies__July_.pdf,,
15,Perak Corporation Bhd,Main – PN17,,√,,,Trading,1 July 2024,6865e8cccd34aaddc0b03019_Status_of_PN17_and_GN3_Companies__July_.pdf,,
16,Pharmaniaga Berhad,Main – PN17,,,√,,Trading,1 July 2025,6865e8cccd34aaddc0b03019_Status_of_PN17_and_GN3_Companies__July_.pdf,,
17,Reneuco Berhad,Main – PN17,√,,,,Trading,1 July 2025,6865e8cccd34aaddc0b03019_Status_of_PN17_and_GN3_Companies__July_.pdf,,
18,Sapura Energy Berhad,Main – PN17,,,√,,Trading,1 July 2025,6865e8cccd34aaddc0b03019_Status_of_PN17_and_GN3_Companies__July_.pdf,,
19,Sarawak Cable Berhad,Main – PN17,√,,,,Trading,1 July 2025,6865e8cccd34aaddc0b03019_Status_of_PN17_and_GN3_Companies__July_.pdf,,
20,Sentoria Group Berhad,Main - PN17,√,,,,Trading,1 July 2025,6865e8cccd34aaddc0b03019_Status_of_PN17_and_GN3_Companies__July_.pdf,,
21,TXCD Berhad (formerly known as Ageson Berhad),Main – PN17,√,,,,Trading,1 July 2025,6865e8cccd34aaddc0b03019_Status_of_PN17_and_GN3_Companies__July_.pdf,,
22,Waja Konsortium Berhad,ACE – GN3,√,,,,Trading,1 July 2025,6865e8cccd34aaddc0b03019_Status_of_PN17_and_GN3_Companies__July_.pdf,,
23,Zelan Berhad,Main – PN17,√,,,,Trading,1 July 2025,6865e8cccd34aaddc0b03019_Status_of_PN17_and_GN3_Companies__July_.pdf,,
1,Alam Maritim Resources Berhad,Main – PN17,,,√,,Trading,1 August 2025,689a9240e6414a091850767a_Status_of_PN17_and_GN3_Companies_Aug2025.pdf,,
2,Asdion Berhad,ACE – GN3,√,,,,Trading,1 August 2025,689a9240e6414a091850767a_Status_of_PN17_and_GN3_Companies_Aug2025.pdf,,
3,Bintai Kinden Corporation Berhad,Main – PN17,,,,√,Trading,1 August 2025,689a9240e6414a091850767a_Status_of_PN17_and_GN3_Companies_Aug2025.pdf,,
4,Capital A Berhad,Main – PN17,,,√,,Trading,1 August 2025,689a9240e6414a091850767a_Status_of_PN17_and_GN3_Companies_Aug2025.pdf,,
5,Ho Hup Construction Company Berhad,Main – PN17,√,,,,Trading,1 August 2025,689a9240e6414a091850767a_Status_of_PN17_and_GN3_Companies_Aug2025.pdf,,
6,Ireka Corporation Berhad,Main – PN17,√,,,,Trading,1 August 2025,689a9240e6414a091850767a_Status_of_PN17_and_GN3_Companies_Aug2025.pdf,,
7,Ivory Properties Group Berhad,Main – PN17,√,,,,Trading,1 August 2025,689a9240e6414a091850767a_Status_of_PN17_and_GN3_Companies_Aug2025.pdf,,
8,Khee San Berhad,Main – PN17,,,√,,Trading,1 August 2025,689a9240e6414a091850767a_Status_of_PN17_and_GN3_Companies_Aug2025.pdf,,
9,KNM Group Berhad,Main – PN17,√,,,,Trading,Hyperlink:,689a9240e6414a091850767a_Status_of_PN17_and_GN3_Companies_Aug2025.pdf,,
,,,,,,,,Announcement dated 1 August 2025,689a9240e6414a091850767a_Status_of_PN17_and_GN3_Companies_Aug2025.pdf,,
10,Lambo Group Berhad,ACE – GN13,√,,,,Suspended,1 August 2025,689a9240e6414a091850767a_Status_of_PN17_and_GN3_Companies_Aug2025.pdf,,
11,LYC Healthcare Berhad,ACE – GN3,√,,,,Trading,1 August 2025,689a9240e6414a091850767a_Status_of_PN17_and_GN3_Companies_Aug2025.pdf,,
12,Meridian Berhad,Main- PN17,√,,,,Trading,1 August 2025,689a9240e6414a091850767a_Status_of_PN17_and_GN3_Companies_Aug2025.pdf,,
13,MMM Group Berhad,Main- PN17,√*,,,,Suspended,Note: * MMM’s proposed regularisation plan has been rejected by Bursa on 30 July 2025. MMM has up to 29 August 2025 to submit an appeal against the rejection of the proposed regularisation plan. 1 August 2025,689a9240e6414a091850767a_Status_of_PN17_and_GN3_Companies_Aug2025.pdf,,
14,Perak Corporation Bhd,Main – PN17,,√,,,Trading,1 August 2025,689a9240e6414a091850767a_Status_of_PN17_and_GN3_Companies_Aug2025.pdf,,
15,Pharmaniaga Berhad,Main – PN17,,,,√,Trading,1 August 2025,689a9240e6414a091850767a_Status_of_PN17_and_GN3_Companies_Aug2025.pdf,,
16,Reneuco Berhad,Main – PN17,√,,,,Trading,1 August 2025,689a9240e6414a091850767a_Status_of_PN17_and_GN3_Companies_Aug2025.pdf,,
17,Vantris Energy Berhad (formerly known as Sapura Energy Berhad),Main – PN17,,,√,,Trading,1 August 2025,689a9240e6414a091850767a_Status_of_PN17_and_GN3_Companies_Aug2025.pdf,,
18,Sentoria Group Berhad,Main - PN17,√,,,,Trading,1 August 2025,689a9240e6414a091850767a_Status_of_PN17_and_GN3_Companies_Aug2025.pdf,,
19,TXCD Berhad (formerly known as Ageson Berhad),Main – PN17,√,,,,Trading,1 August 2025,689a9240e6414a091850767a_Status_of_PN17_and_GN3_Companies_Aug2025.pdf,,
20,Waja Konsortium Berhad,ACE – GN3,√,,,,Trading,1 August 2025,689a9240e6414a091850767a_Status_of_PN17_and_GN3_Companies_Aug2025.pdf,,
21,Zelan Berhad,Main – PN17,√,,,,Trading,1 August 2025,689a9240e6414a091850767a_Status_of_PN17_and_GN3_Companies_Aug2025.pdf,,
