Kod_Dun_State,Kod_Dun,Nama_Dun,Kod_Par,Nama_Par,Kod_Ng,Ng,Tenaga_buruh,Penduduk_bekerja,Penganggur,Luar_tenaga_buruh,Kadar_penyertaan_tenaga_buruh,Kadar_pengangguran,P.Tenaga_buruh,P.Penduduk_bekerja,P.Penganggur,P.Luar_tenaga_buruh,P.Kadar_penyertaan_tenaga_buruh,P.Kadar_pengangguran,TAHUN
N.01_09,N.01,Titi Tinggi,P.001,Padang Besar,9,Perlis,,,,,,,32.7,31.2,1.5,18.1,64.4,4.1,2021
N.02_09,N.02,Beseri,P.001,Padang Besar,9,Perlis,,,,,,,32.7,31.2,1.5,18.1,64.4,4.1,2021
N.03_09,N.03,Chuping,P.001,Padang Besar,9,Perlis,,,,,,,32.7,31.2,1.5,18.1,64.4,4.1,2021
N.04_09,N.04,Mata Ayer,P.001,Padang Besar,9,Perlis,,,,,,,32.7,31.2,1.5,18.1,64.4,4.1,2021
N.05_09,N.05,Santan,P.001,Padang Besar,9,Perlis,,,,,,,32.7,31.2,1.5,18.1,64.4,4.1,2021
N.06_09,N.06,Bintong,P.002,Kangar,9,Perlis,,,,,,,41.2,39.7,1.6,22.7,64.5,4.0,2021
N.07_09,N.07,Sena,P.002,Kangar,9,Perlis,,,,,,,41.2,39.7,1.6,22.7,64.5,4.0,2021
N.08_09,N.08,Indera Kayangan,P.002,Kangar,9,Perlis,,,,,,,41.2,39.7,1.6,22.7,64.5,4.0,2021
N.09_09,N.09,Kuala Perlis,P.002,Kangar,9,Perlis,,,,,,,41.2,39.7,1.6,22.7,64.5,4.0,2021
N.10_09,N.10,Kayang,P.002,Kangar,9,Perlis,,,,,,,41.2,39.7,1.6,22.7,64.5,4.0,2021
N.11_09,N.11,Pauh,P.003,Arau,9,Perlis,,,,,,,39.3,37.6,1.7,23.5,62.6,4.7,2021
N.12_09,N.12,Tambun Tulang,P.003,Arau,9,Perlis,,,,,,,39.3,37.6,1.7,23.5,62.6,4.7,2021
N.13_09,N.13,Guar Sanji,P.003,Arau,9,Perlis,,,,,,,39.3,37.6,1.7,23.5,62.6,4.7,2021
N.14_09,N.14,Simpang Empat,P.003,Arau,9,Perlis,,,,,,,39.3,37.6,1.7,23.5,62.6,4.7,2021
N.15_09,N.15,Sanglang,P.003,Arau,9,Perlis,,,,,,,39.3,37.6,1.7,23.5,62.6,4.7,2021
N.01_02,N.01,Ayer Hangat,P.004,Langkawi,2,Kedah,,,,,,,49.4,46.0,3.5,21.6,69.6,6.8,2021
N.02_02,N.02,Kuah,P.004,Langkawi,2,Kedah,,,,,,,49.4,46.0,3.5,21.6,69.6,6.8,2021
N.03_02,N.03,Kota Siputeh,P.005,Jerlun,2,Kedah,,,,,,,29.7,28.7,1.0,18.8,61.2,3.6,2021
N.04_02,N.04,Ayer Hitam,P.005,Jerlun,2,Kedah,,,,,,,29.7,28.7,1.0,18.8,61.2,3.6,2021
N.05_02,N.05,Bukit Kayu Hitam,P.006,Kubang Pasu,2,Kedah,,,,,,,86.2,83.2,3.0,51.5,62.6,4.0,2021
N.06_02,N.06,Jitra,P.006,Kubang Pasu,2,Kedah,,,,,,,86.2,83.2,3.0,51.5,62.6,4.0,2021
N.07_02,N.07,Kuala Nerang,P.007,Padang Terap,2,Kedah,,,,,,,33.0,31.6,1.4,17.3,65.5,4.2,2021
N.08_02,N.08,Pedu,P.007,Padang Terap,2,Kedah,,,,,,,33.0,31.6,1.4,17.3,65.5,4.2,2021
N.09_02,N.09,Bukit Lada,P.008,Pokok Sena,2,Kedah,,,,,,,60.4,57.7,2.7,32.6,64.9,4.6,2021
N.10_02,N.10,Bukit Pinang,P.008,Pokok Sena,2,Kedah,,,,,,,60.4,57.7,2.7,32.6,64.9,4.6,2021
N.11_02,N.11,Derga,P.008,Pokok Sena,2,Kedah,,,,,,,60.4,57.7,2.7,32.6,64.9,4.6,2021
N.12_02,N.12,Suka Menanti,P.009,Alor Setar,2,Kedah,,,,,,,52.9,50.2,2.7,30.4,63.5,5.5,2021
N.13_02,N.13,Kota Darul Aman,P.009,Alor Setar,2,Kedah,,,,,,,52.9,50.2,2.7,30.4,63.5,5.5,2021
N.14_02,N.14,Alor Mengkudu,P.009,Alor Setar,2,Kedah,,,,,,,52.9,50.2,2.7,30.4,63.5,5.5,2021
N.15_02,N.15,Anak Bukit,P.010,Kuala Kedah,2,Kedah,,,,,,,74.3,70.4,3.9,45.6,62.0,5.2,2021
N.16_02,N.16,Kubang Rotan,P.010,Kuala Kedah,2,Kedah,,,,,,,74.3,70.4,3.9,45.6,62.0,5.2,2021
N.17_02,N.17,Pengkalan Kundor,P.010,Kuala Kedah,2,Kedah,,,,,,,74.3,70.4,3.9,45.6,62.0,5.2,2021
N.18_02,N.18,Tokai,P.011,Pendang,2,Kedah,,,,,,,43.5,41.3,2.2,25.4,63.2,4.9,2021
N.19_02,N.19,Sungai Tiang,P.011,Pendang,2,Kedah,,,,,,,43.5,41.3,2.2,25.4,63.2,4.9,2021
N.20_02,N.20,Sungai Limau,P.012,Jerai,2,Kedah,,,,,,,49.4,47.9,1.5,33.3,59.7,2.9,2021
N.21_02,N.21,Guar Chempedak,P.012,Jerai,2,Kedah,,,,,,,49.4,47.9,1.5,33.3,59.7,2.9,2021
N.22_02,N.22,Gurun,P.012,Jerai,2,Kedah,,,,,,,49.4,47.9,1.5,33.3,59.7,2.9,2021
N.23_02,N.23,Belantek,P.013,Sik,2,Kedah,,,,,,,30.0,29.3,0.7,20.3,59.7,2.8,2021
N.24_02,N.24,Jeneri,P.013,Sik,2,Kedah,,,,,,,30.0,29.3,0.7,20.3,59.7,2.8,2021
N.25_02,N.25,Bukit Selambau,P.014,Merbok,2,Kedah,,,,,,,97.8,94.2,3.5,67.3,59.2,4.2,2021
N.26_02,N.26,Tanjong Dawai,P.014,Merbok,2,Kedah,,,,,,,97.8,94.2,3.5,67.3,59.2,4.2,2021
N.27_02,N.27,Pantai Merdeka,P.015,Sungai Petani,2,Kedah,,,,,,,113.7,109.4,4.3,75.1,60.2,3.6,2021
N.28_02,N.28,Bakar Arang,P.015,Sungai Petani,2,Kedah,,,,,,,113.7,109.4,4.3,75.1,60.2,3.6,2021
N.29_02,N.29,Sidam,P.015,Sungai Petani,2,Kedah,,,,,,,113.7,109.4,4.3,75.1,60.2,3.6,2021
N.30_02,N.30,Bayu,P.016,Baling,2,Kedah,,,,,,,72.4,70.0,2.3,35.0,67.4,3.6,2021
N.31_02,N.31,Kupang,P.016,Baling,2,Kedah,,,,,,,72.4,70.0,2.3,35.0,67.4,3.6,2021
N.32_02,N.32,Kuala Ketil,P.016,Baling,2,Kedah,,,,,,,72.4,70.0,2.3,35.0,67.4,3.6,2021
N.33_02,N.33,Merbau Pulas,P.017,Padang Serai,2,Kedah,,,,,,,120.5,116.5,4.0,66.2,64.5,3.9,2021
N.34_02,N.34,Lunas,P.017,Padang Serai,2,Kedah,,,,,,,120.5,116.5,4.0,66.2,64.5,3.9,2021
N.35_02,N.35,Kulim,P.018,Kulim-Bandar Baharu,2,Kedah,,,,,,,59.5,57.7,1.8,28.0,68.0,3.5,2021
N.36_02,N.36,Bandar Baharu,P.018,Kulim-Bandar Baharu,2,Kedah,,,,,,,59.5,57.7,1.8,28.0,68.0,3.5,2021
N.01_03,N.01,Pengkalan Kubor,P.019,Tumpat,3,Kelantan,,,,,,,64.5,62.5,2.0,52.6,55.1,3.3,2021
N.02_03,N.02,Kelaboran,P.019,Tumpat,3,Kelantan,,,,,,,64.5,62.5,2.0,52.6,55.1,3.3,2021
N.03_03,N.03,Pasir Pekan,P.019,Tumpat,3,Kelantan,,,,,,,64.5,62.5,2.0,52.6,55.1,3.3,2021
N.04_03,N.04,Wakaf Bharu,P.019,Tumpat,3,Kelantan,,,,,,,64.5,62.5,2.0,52.6,55.1,3.3,2021
N.05_03,N.05,Kijang,P.020,Pengkalan Chepa,3,Kelantan,,,,,,,71.1,67.3,3.8,50.3,58.6,5.0,2021
N.06_03,N.06,Chempaka,P.020,Pengkalan Chepa,3,Kelantan,,,,,,,71.1,67.3,3.8,50.3,58.6,5.0,2021
N.07_03,N.07,Panchor,P.020,Pengkalan Chepa,3,Kelantan,,,,,,,71.1,67.3,3.8,50.3,58.6,5.0,2021
N.08_03,N.08,Tanjong Mas,P.021,Kota Bharu,3,Kelantan,,,,,,,60.1,57.1,3.0,37.4,61.6,5.7,2021
N.09_03,N.09,Kota Lama,P.021,Kota Bharu,3,Kelantan,,,,,,,60.1,57.1,3.0,37.4,61.6,5.7,2021
N.10_03,N.10,Bunut Payong,P.021,Kota Bharu,3,Kelantan,,,,,,,60.1,57.1,3.0,37.4,61.6,5.7,2021
N.11_03,N.11,Tendong,P.022,Pasir Mas,3,Kelantan,,,,,,,38.5,36.5,2.0,34.3,52.8,4.6,2021
N.12_03,N.12,Pengkalan Pasir,P.022,Pasir Mas,3,Kelantan,,,,,,,38.5,36.5,2.0,34.3,52.8,4.6,2021
N.13_03,N.13,Meranti,P.022,Pasir Mas,3,Kelantan,,,,,,,38.5,36.5,2.0,34.3,52.8,4.6,2021
N.14_03,N.14,Chetok,P.023,Rantau Panjang,3,Kelantan,,,,,,,42.9,40.6,2.2,33.5,56.1,5.0,2021
N.15_03,N.15,Gual Periok,P.023,Rantau Panjang,3,Kelantan,,,,,,,42.9,40.6,2.2,33.5,56.1,5.0,2021
N.16_03,N.16,Apam Putra,P.023,Rantau Panjang,3,Kelantan,,,,,,,42.9,40.6,2.2,33.5,56.1,5.0,2021
N.17_03,N.17,Salor,P.024,Kubang Kerian,3,Kelantan,,,,,,,73.9,70.8,3.1,43.9,62.7,5.2,2021
N.18_03,N.18,Pasir Tumboh,P.024,Kubang Kerian,3,Kelantan,,,,,,,73.9,70.8,3.1,43.9,62.7,5.2,2021
N.19_03,N.19,Demit,P.024,Kubang Kerian,3,Kelantan,,,,,,,73.9,70.8,3.1,43.9,62.7,5.2,2021
N.20_03,N.20,Tawang,P.025,Bachok,3,Kelantan,,,,,,,59.6,57.3,2.3,53.7,52.6,3.6,2021
N.21_03,N.21,Pantai Irama,P.025,Bachok,3,Kelantan,,,,,,,59.6,57.3,2.3,53.7,52.6,3.6,2021
N.22_03,N.22,Jelawat,P.025,Bachok,3,Kelantan,,,,,,,59.6,57.3,2.3,53.7,52.6,3.6,2021
N.23_03,N.23,Melor,P.026,Ketereh,3,Kelantan,,,,,,,47.2,45.1,2.2,31.6,59.9,5.2,2021
N.24_03,N.24,Kadok,P.026,Ketereh,3,Kelantan,,,,,,,47.2,45.1,2.2,31.6,59.9,5.2,2021
N.25_03,N.25,Kok Lanas,P.026,Ketereh,3,Kelantan,,,,,,,47.2,45.1,2.2,31.6,59.9,5.2,2021
N.26_03,N.26,Bukit Panau,P.027,Tanah Merah,3,Kelantan,,,,,,,47.1,46.0,1.1,37.2,55.9,2.8,2021
N.27_03,N.27,Gual Ipoh,P.027,Tanah Merah,3,Kelantan,,,,,,,47.1,46.0,1.1,37.2,55.9,2.8,2021
N.28_03,N.28,Kemahang,P.027,Tanah Merah,3,Kelantan,,,,,,,47.1,46.0,1.1,37.2,55.9,2.8,2021
N.29_03,N.29,Selising,P.028,Pasir Puteh,3,Kelantan,,,,,,,51.1,49.4,1.8,37.9,57.4,3.2,2021
N.30_03,N.30,Limbongan,P.028,Pasir Puteh,3,Kelantan,,,,,,,51.1,49.4,1.8,37.9,57.4,3.2,2021
N.31_03,N.31,Semerak,P.028,Pasir Puteh,3,Kelantan,,,,,,,51.1,49.4,1.8,37.9,57.4,3.2,2021
N.32_03,N.32,Gaal,P.028,Pasir Puteh,3,Kelantan,,,,,,,51.1,49.4,1.8,37.9,57.4,3.2,2021
N.33_03,N.33,Pulai Chondong,P.029,Machang,3,Kelantan,,,,,,,43.9,41.3,2.6,33.0,57.1,5.3,2021
N.34_03,N.34,Temangan,P.029,Machang,3,Kelantan,,,,,,,43.9,41.3,2.6,33.0,57.1,5.3,2021
N.35_03,N.35,Kemuning,P.029,Machang,3,Kelantan,,,,,,,43.9,41.3,2.6,33.0,57.1,5.3,2021
N.36_03,N.36,Bukit Bunga,P.030,Jeli,3,Kelantan,,,,,,,30.5,29.4,1.0,25.0,55.0,3.1,2021
N.37_03,N.37,Air Lanas,P.030,Jeli,3,Kelantan,,,,,,,30.5,29.4,1.0,25.0,55.0,3.1,2021
N.38_03,N.38,Kuala Balah,P.030,Jeli,3,Kelantan,,,,,,,30.5,29.4,1.0,25.0,55.0,3.1,2021
N.39_03,N.39,Mengkebang,P.031,Kuala Krai,3,Kelantan,,,,,,,44.5,43.4,1.1,30.7,59.2,2.8,2021
N.40_03,N.40,Guchil,P.031,Kuala Krai,3,Kelantan,,,,,,,44.5,43.4,1.1,30.7,59.2,2.8,2021
N.41_03,N.41,Manek Urai,P.031,Kuala Krai,3,Kelantan,,,,,,,44.5,43.4,1.1,30.7,59.2,2.8,2021
N.42_03,N.42,Dabong,P.031,Kuala Krai,3,Kelantan,,,,,,,44.5,43.4,1.1,30.7,59.2,2.8,2021
N.43_03,N.43,Nenggiri,P.032,Gua Musang,3,Kelantan,,,,,,,45.0,42.9,2.0,34.7,56.4,4.2,2021
N.44_03,N.44,Paloh,P.032,Gua Musang,3,Kelantan,,,,,,,45.0,42.9,2.0,34.7,56.4,4.2,2021
N.45_03,N.45,Galas,P.032,Gua Musang,3,Kelantan,,,,,,,45.0,42.9,2.0,34.7,56.4,4.2,2021
N.01_11,N.01,Kuala Besut,P.033,Besut,11,Terengganu,,,,,,,54.2,51.8,2.4,37.5,59.1,4.1,2021
N.02_11,N.02,Kota Putera,P.033,Besut,11,Terengganu,,,,,,,54.2,51.8,2.4,37.5,59.1,4.1,2021
N.03_11,N.03,Jertih,P.033,Besut,11,Terengganu,,,,,,,54.2,51.8,2.4,37.5,59.1,4.1,2021
N.04_11,N.04,Hulu Besut,P.033,Besut,11,Terengganu,,,,,,,54.2,51.8,2.4,37.5,59.1,4.1,2021
N.05_11,N.05,Jabi,P.034,Setiu,11,Terengganu,,,,,,,55.0,52.6,2.4,31.3,63.7,4.2,2021
N.06_11,N.06,Permaisuri,P.034,Setiu,11,Terengganu,,,,,,,55.0,52.6,2.4,31.3,63.7,4.2,2021
N.07_11,N.07,Langkap,P.034,Setiu,11,Terengganu,,,,,,,55.0,52.6,2.4,31.3,63.7,4.2,2021
N.08_11,N.08,Batu Rakit,P.034,Setiu,11,Terengganu,,,,,,,55.0,52.6,2.4,31.3,63.7,4.2,2021
N.09_11,N.09,Tepuh,P.035,Kuala Nerus,11,Terengganu,,,,,,,60.9,57.9,3.0,50.2,54.8,5.0,2021
N.10_11,N.10,Buluh Gading,P.035,Kuala Nerus,11,Terengganu,,,,,,,60.9,57.9,3.0,50.2,54.8,5.0,2021
N.11_11,N.11,Seberang Takir,P.035,Kuala Nerus,11,Terengganu,,,,,,,60.9,57.9,3.0,50.2,54.8,5.0,2021
N.12_11,N.12,Bukit Tunggal,P.035,Kuala Nerus,11,Terengganu,,,,,,,60.9,57.9,3.0,50.2,54.8,5.0,2021
N.13_11,N.13,Wakaf Mempelam,P.036,Kuala Terengganu,11,Terengganu,,,,,,,56.2,53.4,2.8,37.1,60.2,5.0,2021
N.14_11,N.14,Bandar,P.036,Kuala Terengganu,11,Terengganu,,,,,,,56.2,53.4,2.8,37.1,60.2,5.0,2021
N.15_11,N.15,Ladang,P.036,Kuala Terengganu,11,Terengganu,,,,,,,56.2,53.4,2.8,37.1,60.2,5.0,2021
N.16_11,N.16,Batu Buruk,P.036,Kuala Terengganu,11,Terengganu,,,,,,,56.2,53.4,2.8,37.1,60.2,5.0,2021
N.17_11,N.17,Alur Limbat,P.037,Marang,11,Terengganu,,,,,,,64.4,62.3,2.1,52.6,55.0,3.2,2021
N.18_11,N.18,Bukit Payung,P.037,Marang,11,Terengganu,,,,,,,64.4,62.3,2.1,52.6,55.0,3.2,2021
N.19_11,N.19,Ru Rendang,P.037,Marang,11,Terengganu,,,,,,,64.4,62.3,2.1,52.6,55.0,3.2,2021
N.20_11,N.20,Pengkalan Berangan,P.037,Marang,11,Terengganu,,,,,,,64.4,62.3,2.1,52.6,55.0,3.2,2021
N.21_11,N.21,Telemung,P.038,Hulu Terengganu,11,Terengganu,,,,,,,38.4,36.8,1.6,31.3,55.1,4.2,2021
N.22_11,N.22,Manir,P.038,Hulu Terengganu,11,Terengganu,,,,,,,38.4,36.8,1.6,31.3,55.1,4.2,2021
N.23_11,N.23,Kuala Berang,P.038,Hulu Terengganu,11,Terengganu,,,,,,,38.4,36.8,1.6,31.3,55.1,4.2,2021
N.24_11,N.24,Ajil,P.038,Hulu Terengganu,11,Terengganu,,,,,,,38.4,36.8,1.6,31.3,55.1,4.2,2021
N.25_11,N.25,Bukit Besi,P.039,Dungun,11,Terengganu,,,,,,,64.4,62.2,2.2,52.8,54.9,3.9,2021
N.26_11,N.26,Rantau Abang,P.039,Dungun,11,Terengganu,,,,,,,64.4,62.2,2.2,52.8,54.9,3.9,2021
N.27_11,N.27,Sura,P.039,Dungun,11,Terengganu,,,,,,,64.4,62.2,2.2,52.8,54.9,3.9,2021
N.28_11,N.28,Paka,P.039,Dungun,11,Terengganu,,,,,,,64.4,62.2,2.2,52.8,54.9,3.9,2021
N.29_11,N.29,Kemasik,P.040,Kemaman,11,Terengganu,,,,,,,94.9,91.7,3.2,51.9,64.6,3.7,2021
N.30_11,N.30,Kijal,P.040,Kemaman,11,Terengganu,,,,,,,94.9,91.7,3.2,51.9,64.6,3.7,2021
N.31_11,N.31,Cukai,P.040,Kemaman,11,Terengganu,,,,,,,94.9,91.7,3.2,51.9,64.6,3.7,2021
N.32_11,N.32,Air Putih,P.040,Kemaman,11,Terengganu,,,,,,,94.9,91.7,3.2,51.9,64.6,3.7,2021
N.01_07,N.01,Penaga,P.041,Kepala Batas,7,Pulau Pinang,,,,,,,54.5,52.2,2.3,29.0,65.2,3.8,2021
N.02_07,N.02,Bertam,P.041,Kepala Batas,7,Pulau Pinang,,,,,,,54.5,52.2,2.3,29.0,65.2,3.8,2021
N.03_07,N.03,Pinang Tunggal,P.041,Kepala Batas,7,Pulau Pinang,,,,,,,54.5,52.2,2.3,29.0,65.2,3.8,2021
N.04_07,N.04,Permatang Berangan,P.042,Tasek Gelugor,7,Pulau Pinang,,,,,,,50.1,48.4,1.7,26.9,65.1,3.7,2021
N.05_07,N.05,Sungai Dua,P.042,Tasek Gelugor,7,Pulau Pinang,,,,,,,50.1,48.4,1.7,26.9,65.1,3.7,2021
N.06_07,N.06,Telok Ayer Tawar,P.042,Tasek Gelugor,7,Pulau Pinang,,,,,,,50.1,48.4,1.7,26.9,65.1,3.7,2021
N.07_07,N.07,Sungai Puyu,P.043,Bagan,7,Pulau Pinang,,,,,,,51.4,49.8,1.6,28.8,64.1,3.6,2021
N.08_07,N.08,Bagan Jermal,P.043,Bagan,7,Pulau Pinang,,,,,,,51.4,49.8,1.6,28.8,64.1,3.6,2021
N.09_07,N.09,Bagan Dalam,P.043,Bagan,7,Pulau Pinang,,,,,,,51.4,49.8,1.6,28.8,64.1,3.6,2021
N.10_07,N.10,Seberang Jaya,P.044,Permatang Pauh,7,Pulau Pinang,,,,,,,75.9,72.0,3.9,41.6,64.6,4.7,2021
N.11_07,N.11,Permatang Pasir,P.044,Permatang Pauh,7,Pulau Pinang,,,,,,,75.9,72.0,3.9,41.6,64.6,4.7,2021
N.12_07,N.12,Penanti,P.044,Permatang Pauh,7,Pulau Pinang,,,,,,,75.9,72.0,3.9,41.6,64.6,4.7,2021
N.13_07,N.13,Berapit,P.045,Bukit Mertajam,7,Pulau Pinang,,,,,,,83.0,80.4,2.6,34.1,70.9,2.4,2021
N.14_07,N.14,Machang Bubuk,P.045,Bukit Mertajam,7,Pulau Pinang,,,,,,,83.0,80.4,2.6,34.1,70.9,2.4,2021
N.15_07,N.15,Padang Lalang,P.045,Bukit Mertajam,7,Pulau Pinang,,,,,,,83.0,80.4,2.6,34.1,70.9,2.4,2021
N.16_07,N.16,Perai,P.046,Batu Kawan,7,Pulau Pinang,,,,,,,94.5,90.1,4.4,28.4,76.9,3.7,2021
N.17_07,N.17,Bukit Tengah,P.046,Batu Kawan,7,Pulau Pinang,,,,,,,94.5,90.1,4.4,28.4,76.9,3.7,2021
N.18_07,N.18,Bukit Tambun,P.046,Batu Kawan,7,Pulau Pinang,,,,,,,94.5,90.1,4.4,28.4,76.9,3.7,2021
N.19_07,N.19,Jawi,P.047,Nibong Tebal,7,Pulau Pinang,,,,,,,73.5,70.4,3.1,20.4,78.3,3.3,2021
N.20_07,N.20,Sungai Bakap,P.047,Nibong Tebal,7,Pulau Pinang,,,,,,,73.5,70.4,3.1,20.4,78.3,3.3,2021
N.21_07,N.21,Sungai Acheh,P.047,Nibong Tebal,7,Pulau Pinang,,,,,,,73.5,70.4,3.1,20.4,78.3,3.3,2021
N.22_07,N.22,Tanjong Bunga,P.048,Bukit Bendera,7,Pulau Pinang,,,,,,,59.0,56.5,2.4,28.2,67.6,3.7,2021
N.23_07,N.23,Air Putih,P.048,Bukit Bendera,7,Pulau Pinang,,,,,,,59.0,56.5,2.4,28.2,67.6,3.7,2021
N.24_07,N.24,Kebun Bunga,P.048,Bukit Bendera,7,Pulau Pinang,,,,,,,59.0,56.5,2.4,28.2,67.6,3.7,2021
N.25_07,N.25,Pulau Tikus,P.048,Bukit Bendera,7,Pulau Pinang,,,,,,,59.0,56.5,2.4,28.2,67.6,3.7,2021
N.26_07,N.26,Padang Kota,P.049,Tanjong,7,Pulau Pinang,,,,,,,13.9,13.4,0.5,6.4,68.5,4.0,2021
N.27_07,N.27,Pengkalan Kota,P.049,Tanjong,7,Pulau Pinang,,,,,,,13.9,13.4,0.5,6.4,68.5,4.0,2021
N.28_07,N.28,Komtar,P.049,Tanjong,7,Pulau Pinang,,,,,,,13.9,13.4,0.5,6.4,68.5,4.0,2021
N.29_07,N.29,Datok Keramat,P.050,Jelutong,7,Pulau Pinang,,,,,,,58.0,55.7,2.3,25.4,69.5,4.5,2021
N.30_07,N.30,Sungai Pinang,P.050,Jelutong,7,Pulau Pinang,,,,,,,58.0,55.7,2.3,25.4,69.5,4.5,2021
N.31_07,N.31,Batu Lancang,P.050,Jelutong,7,Pulau Pinang,,,,,,,58.0,55.7,2.3,25.4,69.5,4.5,2021
N.32_07,N.32,Seri Delima,P.051,Bukit Gelugor,7,Pulau Pinang,,,,,,,99.2,96.2,3.1,45.9,68.4,3.8,2021
N.33_07,N.33,Air Itam,P.051,Bukit Gelugor,7,Pulau Pinang,,,,,,,99.2,96.2,3.1,45.9,68.4,3.8,2021
N.34_07,N.34,Paya Terubong,P.051,Bukit Gelugor,7,Pulau Pinang,,,,,,,99.2,96.2,3.1,45.9,68.4,3.8,2021
N.35_07,N.35,Batu Uban,P.052,Bayan Baru,7,Pulau Pinang,,,,,,,104.8,102.0,2.7,41.5,71.7,2.9,2021
N.36_07,N.36,Pantai Jerejak,P.052,Bayan Baru,7,Pulau Pinang,,,,,,,104.8,102.0,2.7,41.5,71.7,2.9,2021
N.37_07,N.37,Batu Maung,P.052,Bayan Baru,7,Pulau Pinang,,,,,,,104.8,102.0,2.7,41.5,71.7,2.9,2021
N.38_07,N.38,Bayan Lepas,P.053,Balik Pulau,7,Pulau Pinang,,,,,,,71.8,70.1,1.7,29.4,71.0,2.8,2021
N.39_07,N.39,Pulau Betong,P.053,Balik Pulau,7,Pulau Pinang,,,,,,,71.8,70.1,1.7,29.4,71.0,2.8,2021
N.40_07,N.40,Telok Bahang,P.053,Balik Pulau,7,Pulau Pinang,,,,,,,71.8,70.1,1.7,29.4,71.0,2.8,2021
N.01_08,N.01,Pengkalan Hulu,P.054,Gerik,8,Perak,,,,,,,25.1,23.9,1.2,14.9,62.7,4.2,2021
N.02_08,N.02,Temengor,P.054,Gerik,8,Perak,,,,,,,25.1,23.9,1.2,14.9,62.7,4.2,2021
N.03_08,N.03,Kenering,P.055,Lenggong,8,Perak,,,,,,,16.3,15.6,0.7,9.4,63.4,3.8,2021
N.04_08,N.04,Kota Tampan,P.055,Lenggong,8,Perak,,,,,,,16.3,15.6,0.7,9.4,63.4,3.8,2021
N.05_08,N.05,Selama,P.056,Larut,8,Perak,,,,,,,31.0,29.0,2.0,15.8,66.2,5.8,2021
N.06_08,N.06,Kubu Gajah,P.056,Larut,8,Perak,,,,,,,31.0,29.0,2.0,15.8,66.2,5.8,2021
N.07_08,N.07,Batu Kurau,P.056,Larut,8,Perak,,,,,,,31.0,29.0,2.0,15.8,66.2,5.8,2021
N.08_08,N.08,Titi Serong,P.057,Parit Buntar,8,Perak,,,,,,,31.9,29.9,2.0,20.8,60.5,5.6,2021
N.09_08,N.09,Kuala Kurau,P.057,Parit Buntar,8,Perak,,,,,,,31.9,29.9,2.0,20.8,60.5,5.6,2021
N.10_08,N.10,Alor Pongsu,P.058,Bagan Serai,8,Perak,,,,,,,40.9,39.3,1.6,25.7,61.4,4.5,2021
N.11_08,N.11,Gunong Semanggol,P.058,Bagan Serai,8,Perak,,,,,,,40.9,39.3,1.6,25.7,61.4,4.5,2021
N.12_08,N.12,Selinsing,P.058,Bagan Serai,8,Perak,,,,,,,40.9,39.3,1.6,25.7,61.4,4.5,2021
N.13_08,N.13,Kuala Sepetang,P.059,Bukit Gantang,8,Perak,,,,,,,51.2,47.9,3.3,25.1,67.1,6.0,2021
N.14_08,N.14,Changkat Jering,P.059,Bukit Gantang,8,Perak,,,,,,,51.2,47.9,3.3,25.1,67.1,6.0,2021
N.15_08,N.15,Trong,P.059,Bukit Gantang,8,Perak,,,,,,,51.2,47.9,3.3,25.1,67.1,6.0,2021
N.16_08,N.16,Kamunting,P.060,Taiping,8,Perak,,,,,,,57.2,54.2,3.0,29.3,66.1,4.7,2021
N.17_08,N.17,Pokok Assam,P.060,Taiping,8,Perak,,,,,,,57.2,54.2,3.0,29.3,66.1,4.7,2021
N.18_08,N.18,Aulong,P.060,Taiping,8,Perak,,,,,,,57.2,54.2,3.0,29.3,66.1,4.7,2021
N.19_08,N.19,Chenderoh,P.061,Padang Rengas,8,Perak,,,,,,,15.7,14.8,0.9,10.2,60.6,5.1,2021
N.20_08,N.20,Lubok Merbau,P.061,Padang Rengas,8,Perak,,,,,,,15.7,14.8,0.9,10.2,60.6,5.1,2021
N.21_08,N.21,Lintang,P.062,Sungai Siput,8,Perak,,,,,,,33.4,31.4,2.1,21.5,60.9,5.5,2021
N.22_08,N.22,Jalong,P.062,Sungai Siput,8,Perak,,,,,,,33.4,31.4,2.1,21.5,60.9,5.5,2021
N.23_08,N.23,Manjoi,P.063,Tambun,8,Perak,,,,,,,109.1,104.5,4.7,59.5,64.7,3.8,2021
N.24_08,N.24,Hulu Kinta,P.063,Tambun,8,Perak,,,,,,,109.1,104.5,4.7,59.5,64.7,3.8,2021
N.25_08,N.25,Canning,P.064,Ipoh Timor,8,Perak,,,,,,,55.1,52.1,3.0,28.3,66.0,4.8,2021
N.26_08,N.26,Tebing Tinggi,P.064,Ipoh Timor,8,Perak,,,,,,,55.1,52.1,3.0,28.3,66.0,4.8,2021
N.27_08,N.27,Pasir Pinji,P.064,Ipoh Timor,8,Perak,,,,,,,55.1,52.1,3.0,28.3,66.0,4.8,2021
N.28_08,N.28,Bercham,P.065,Ipoh Barat,8,Perak,,,,,,,58.6,55.8,2.8,32.0,64.7,4.3,2021
N.29_08,N.29,Kepayang,P.065,Ipoh Barat,8,Perak,,,,,,,58.6,55.8,2.8,32.0,64.7,4.3,2021
N.30_08,N.30,Buntong,P.065,Ipoh Barat,8,Perak,,,,,,,58.6,55.8,2.8,32.0,64.7,4.3,2021
N.31_08,N.31,Jelapang,P.066,Batu Gajah,8,Perak,,,,,,,58.0,54.5,3.5,31.1,65.1,5.4,2021
N.32_08,N.32,Menglembu,P.066,Batu Gajah,8,Perak,,,,,,,58.0,54.5,3.5,31.1,65.1,5.4,2021
N.33_08,N.33,Tronoh,P.066,Batu Gajah,8,Perak,,,,,,,58.0,54.5,3.5,31.1,65.1,5.4,2021
N.34_08,N.34,Bukit Chandan,P.067,Kuala Kangsar,8,Perak,,,,,,,22.3,21.1,1.2,14.8,60.1,4.9,2021
N.35_08,N.35,Manong,P.067,Kuala Kangsar,8,Perak,,,,,,,22.3,21.1,1.2,14.8,60.1,4.9,2021
N.36_08,N.36,Pengkalan Baharu,P.068,Beruas,8,Perak,,,,,,,54.0,50.9,3.1,29.0,65.0,5.1,2021
N.37_08,N.37,Pantai Remis,P.068,Beruas,8,Perak,,,,,,,54.0,50.9,3.1,29.0,65.0,5.1,2021
N.38_08,N.38,Astaka,P.068,Beruas,8,Perak,,,,,,,54.0,50.9,3.1,29.0,65.0,5.1,2021
N.39_08,N.39,Belanja,P.069,Parit,8,Perak,,,,,,,31.2,29.5,1.7,19.8,61.1,6.3,2021
N.40_08,N.40,Bota,P.069,Parit,8,Perak,,,,,,,31.2,29.5,1.7,19.8,61.1,6.3,2021
N.41_08,N.41,Malim Nawar,P.070,Kampar,8,Perak,,,,,,,50.7,48.2,2.5,26.1,66.0,4.4,2021
N.42_08,N.42,Keranji,P.070,Kampar,8,Perak,,,,,,,50.7,48.2,2.5,26.1,66.0,4.4,2021
N.43_08,N.43,Tualang Sekah,P.070,Kampar,8,Perak,,,,,,,50.7,48.2,2.5,26.1,66.0,4.4,2021
N.44_08,N.44,Sungai Rapat,P.071,Gopeng,8,Perak,,,,,,,84.2,80.6,3.7,52.6,61.5,3.9,2021
N.45_08,N.45,Simpang Pulai,P.071,Gopeng,8,Perak,,,,,,,84.2,80.6,3.7,52.6,61.5,3.9,2021
N.46_08,N.46,Teja,P.071,Gopeng,8,Perak,,,,,,,84.2,80.6,3.7,52.6,61.5,3.9,2021
N.47_08,N.47,Chenderiang,P.072,Tapah,8,Perak,,,,,,,40.2,38.3,2.0,18.6,68.4,4.4,2021
N.48_08,N.48,Ayer Kuning,P.072,Tapah,8,Perak,,,,,,,40.2,38.3,2.0,18.6,68.4,4.4,2021
N.49_08,N.49,Sungai Manik,P.073,Pasir Salak,8,Perak,,,,,,,37.0,34.7,2.2,19.2,65.9,5.6,2021
N.50_08,N.50,Kampong Gajah,P.073,Pasir Salak,8,Perak,,,,,,,37.0,34.7,2.2,19.2,65.9,5.6,2021
N.51_08,N.51,Pasir Panjang,P.074,Lumut,8,Perak,,,,,,,57.8,54.3,3.5,31.7,64.6,5.6,2021
N.52_08,N.52,Pangkor,P.074,Lumut,8,Perak,,,,,,,57.8,54.3,3.5,31.7,64.6,5.6,2021
N.53_08,N.53,Rungkup,P.075,Bagan Datuk,8,Perak,,,,,,,28.2,26.9,1.3,16.2,63.6,5.3,2021
N.54_08,N.54,Hutan Melintang,P.075,Bagan Datuk,8,Perak,,,,,,,28.2,26.9,1.3,16.2,63.6,5.3,2021
N.55_08,N.55,Pasir Bedamar,P.076,Teluk Intan,8,Perak,,,,,,,44.3,41.5,2.8,24.8,64.1,5.4,2021
N.56_08,N.56,Changkat Jong,P.076,Teluk Intan,8,Perak,,,,,,,44.3,41.5,2.8,24.8,64.1,5.4,2021
N.57_08,N.57,Sungkai,P.077,Tanjong Malim,8,Perak,,,,,,,67.1,63.7,3.4,29.9,69.1,4.4,2021
N.58_08,N.58,Slim,P.077,Tanjong Malim,8,Perak,,,,,,,67.1,63.7,3.4,29.9,69.1,4.4,2021
N.59_08,N.59,Behrang,P.077,Tanjong Malim,8,Perak,,,,,,,67.1,63.7,3.4,29.9,69.1,4.4,2021
N.01_06,N.01,Tanah Rata,P.078,Cameron Highlands,6,Pahang,,,,,,,34.9,34.4,0.5,13.9,71.4,1.5,2021
N.02_06,N.02,Jelai,P.078,Cameron Highlands,6,Pahang,,,,,,,34.9,34.4,0.5,13.9,71.4,1.5,2021
N.03_06,N.03,Padang Tengku,P.079,Lipis,6,Pahang,,,,,,,29.3,28.3,1.0,19.6,59.9,3.6,2021
N.04_06,N.04,Cheka,P.079,Lipis,6,Pahang,,,,,,,29.3,28.3,1.0,19.6,59.9,3.6,2021
N.05_06,N.05,Benta,P.079,Lipis,6,Pahang,,,,,,,29.3,28.3,1.0,19.6,59.9,3.6,2021
N.06_06,N.06,Batu Talam,P.080,Raub,6,Pahang,,,,,,,42.9,41.2,1.7,25.4,62.8,3.8,2021
N.07_06,N.07,Tras,P.080,Raub,6,Pahang,,,,,,,42.9,41.2,1.7,25.4,62.8,3.8,2021
N.08_06,N.08,Dong,P.080,Raub,6,Pahang,,,,,,,42.9,41.2,1.7,25.4,62.8,3.8,2021
N.09_06,N.09,Tahan,P.081,Jerantut,6,Pahang,,,,,,,46.7,45.1,1.6,24.9,65.2,3.2,2021
N.10_06,N.10,Damak,P.081,Jerantut,6,Pahang,,,,,,,46.7,45.1,1.6,24.9,65.2,3.2,2021
N.11_06,N.11,Pulau Tawar,P.081,Jerantut,6,Pahang,,,,,,,46.7,45.1,1.6,24.9,65.2,3.2,2021
N.12_06,N.12,Beserah,P.082,Indera Mahkota,6,Pahang,,,,,,,115.3,112.3,3.0,56.0,67.3,2.6,2021
N.13_06,N.13,Semambu,P.082,Indera Mahkota,6,Pahang,,,,,,,115.3,112.3,3.0,56.0,67.3,2.6,2021
N.14_06,N.14,Teruntum,P.083,Kuantan,6,Pahang,,,,,,,56.7,55.0,1.7,28.2,66.8,2.9,2021
N.15_06,N.15,Tanjung Lumpur,P.083,Kuantan,6,Pahang,,,,,,,56.7,55.0,1.7,28.2,66.8,2.9,2021
N.16_06,N.16,Inderapura,P.083,Kuantan,6,Pahang,,,,,,,56.7,55.0,1.7,28.2,66.8,2.9,2021
N.17_06,N.17,Sungai Lembing,P.084,Paya Besar,6,Pahang,,,,,,,60.6,58.7,1.9,30.0,66.9,3.2,2021
N.18_06,N.18,Lepar,P.084,Paya Besar,6,Pahang,,,,,,,60.6,58.7,1.9,30.0,66.9,3.2,2021
N.19_06,N.19,Panching,P.084,Paya Besar,6,Pahang,,,,,,,60.6,58.7,1.9,30.0,66.9,3.2,2021
N.20_06,N.20,Pulau Manis,P.085,Pekan,6,Pahang,,,,,,,78.2,75.8,2.4,38.0,67.3,2.7,2021
N.21_06,N.21,Peramu Jaya,P.085,Pekan,6,Pahang,,,,,,,78.2,75.8,2.4,38.0,67.3,2.7,2021
N.22_06,N.22,Bebar,P.085,Pekan,6,Pahang,,,,,,,78.2,75.8,2.4,38.0,67.3,2.7,2021
N.23_06,N.23,Chini,P.085,Pekan,6,Pahang,,,,,,,78.2,75.8,2.4,38.0,67.3,2.7,2021
N.24_06,N.24,Luit,P.086,Maran,6,Pahang,,,,,,,26.8,26.1,0.7,14.5,64.8,2.6,2021
N.25_06,N.25,Kuala Sentul,P.086,Maran,6,Pahang,,,,,,,26.8,26.1,0.7,14.5,64.8,2.6,2021
N.26_06,N.26,Chenor,P.086,Maran,6,Pahang,,,,,,,26.8,26.1,0.7,14.5,64.8,2.6,2021
N.27_06,N.27,Jenderak,P.087,Kuala Krau,6,Pahang,,,,,,,31.0,29.6,1.4,17.6,63.8,4.2,2021
N.28_06,N.28,Kerdau,P.087,Kuala Krau,6,Pahang,,,,,,,31.0,29.6,1.4,17.6,63.8,4.2,2021
N.29_06,N.29,Jengka,P.087,Kuala Krau,6,Pahang,,,,,,,31.0,29.6,1.4,17.6,63.8,4.2,2021
N.30_06,N.30,Mentakab,P.088,Temerloh,6,Pahang,,,,,,,60.5,58.0,2.6,38.1,61.4,4.2,2021
N.31_06,N.31,Lanchang,P.088,Temerloh,6,Pahang,,,,,,,60.5,58.0,2.6,38.1,61.4,4.2,2021
N.32_06,N.32,Kuala Semantan,P.088,Temerloh,6,Pahang,,,,,,,60.5,58.0,2.6,38.1,61.4,4.2,2021
N.33_06,N.33,Bilut,P.089,Bentong,6,Pahang,,,,,,,57.7,55.7,2.0,35.7,61.8,3.5,2021
N.34_06,N.34,Ketari,P.089,Bentong,6,Pahang,,,,,,,57.7,55.7,2.0,35.7,61.8,3.5,2021
N.35_06,N.35,Sabai,P.089,Bentong,6,Pahang,,,,,,,57.7,55.7,2.0,35.7,61.8,3.5,2021
N.36_06,N.36,Pelangai,P.089,Bentong,6,Pahang,,,,,,,57.7,55.7,2.0,35.7,61.8,3.5,2021
N.37_06,N.37,Guai,P.090,Bera,6,Pahang,,,,,,,38.5,37.0,1.5,30.7,55.6,3.3,2021
N.38_06,N.38,Triang,P.090,Bera,6,Pahang,,,,,,,38.5,37.0,1.5,30.7,55.6,3.3,2021
N.39_06,N.39,Kemayan,P.090,Bera,6,Pahang,,,,,,,38.5,37.0,1.5,30.7,55.6,3.3,2021
N.40_06,N.40,Bukit Ibam,P.091,Rompin,6,Pahang,,,,,,,50.4,48.3,2.0,29.7,62.9,3.4,2021
N.41_06,N.41,Muadzam Shah,P.091,Rompin,6,Pahang,,,,,,,50.4,48.3,2.0,29.7,62.9,3.4,2021
N.42_06,N.42,Tioman,P.091,Rompin,6,Pahang,,,,,,,50.4,48.3,2.0,29.7,62.9,3.4,2021
N.01_10,N.01,Sungai Air Tawar,P.092,Sabak Bernam,10,Selangor,,,,,,,23.2,22.4,0.8,9.7,70.5,3.5,2021
N.02_10,N.02,Sabak,P.092,Sabak Bernam,10,Selangor,,,,,,,23.2,22.4,0.8,9.7,70.5,3.5,2021
N.03_10,N.03,Sungai Panjang,P.093,Sungai Besar,10,Selangor,,,,,,,29.3,28.4,0.8,11.0,72.8,3.0,2021
N.04_10,N.04,Sekinchan,P.093,Sungai Besar,10,Selangor,,,,,,,29.3,28.4,0.8,11.0,72.8,3.0,2021
N.05_10,N.05,Hulu Bernam,P.094,Hulu Selangor,10,Selangor,,,,,,,129.0,125.9,3.1,42.8,75.1,2.6,2021
N.06_10,N.06,Kuala Kubu Baharu,P.094,Hulu Selangor,10,Selangor,,,,,,,129.0,125.9,3.1,42.8,75.1,2.6,2021
N.07_10,N.07,Batang Kali,P.094,Hulu Selangor,10,Selangor,,,,,,,129.0,125.9,3.1,42.8,75.1,2.6,2021
N.08_10,N.08,Sungai Burong,P.095,Tanjong Karang,10,Selangor,,,,,,,31.2,30.4,0.8,9.3,77.0,2.9,2021
N.09_10,N.09,Permatang,P.095,Tanjong Karang,10,Selangor,,,,,,,31.2,30.4,0.8,9.3,77.0,2.9,2021
N.10_10,N.10,Bukit Melawati,P.096,Kuala Selangor,10,Selangor,,,,,,,88.1,84.3,3.8,25.2,77.7,4.2,2021
N.11_10,N.11,Ijok,P.096,Kuala Selangor,10,Selangor,,,,,,,88.1,84.3,3.8,25.2,77.7,4.2,2021
N.12_10,N.12,Jeram,P.096,Kuala Selangor,10,Selangor,,,,,,,88.1,84.3,3.8,25.2,77.7,4.2,2021
N.13_10,N.13,Kuang,P.097,Selayang,10,Selangor,,,,,,,183.0,175.5,7.5,50.9,78.2,4.0,2021
N.14_10,N.14,Rawang,P.097,Selayang,10,Selangor,,,,,,,183.0,175.5,7.5,50.9,78.2,4.0,2021
N.15_10,N.15,Taman Templer,P.097,Selayang,10,Selangor,,,,,,,183.0,175.5,7.5,50.9,78.2,4.0,2021
N.16_10,N.16,Sungai Tua,P.098,Gombak,10,Selangor,,,,,,,173.7,166.6,7.1,48.3,78.2,3.9,2021
N.17_10,N.17,Gombak Setia,P.098,Gombak,10,Selangor,,,,,,,173.7,166.6,7.1,48.3,78.2,3.9,2021
N.18_10,N.18,Hulu Kelang,P.098,Gombak,10,Selangor,,,,,,,173.7,166.6,7.1,48.3,78.2,3.9,2021
N.19_10,N.19,Bukit Antarabangsa,P.099,Ampang,10,Selangor,,,,,,,99.6,93.9,5.7,32.5,75.4,5.6,2021
N.20_10,N.20,Lembah Jaya,P.099,Ampang,10,Selangor,,,,,,,99.6,93.9,5.7,32.5,75.4,5.6,2021
N.21_10,N.21,Pandan Indah,P.100,Pandan,10,Selangor,,,,,,,129.2,122.8,6.4,34.9,78.7,5.0,2021
N.22_10,N.22,Teratai,P.100,Pandan,10,Selangor,,,,,,,129.2,122.8,6.4,34.9,78.7,5.0,2021
N.23_10,N.23,Dusun Tua,P.101,Hulu Langat,10,Selangor,,,,,,,181.4,171.3,10.1,54.2,77.0,5.5,2021
N.24_10,N.24,Semenyih,P.101,Hulu Langat,10,Selangor,,,,,,,181.4,171.3,10.1,54.2,77.0,5.5,2021
N.25_10,N.25,Kajang,P.102,Bangi,10,Selangor,,,,,,,379.2,361.9,17.3,110.4,77.5,4.5,2021
N.26_10,N.26,Sungai Ramal,P.102,Bangi,10,Selangor,,,,,,,379.2,361.9,17.3,110.4,77.5,4.5,2021
N.27_10,N.27,Balakong,P.102,Bangi,10,Selangor,,,,,,,379.2,361.9,17.3,110.4,77.5,4.5,2021
N.28_10,N.28,Seri Kembangan,P.103,Puchong,10,Selangor,,,,,,,172.2,164.4,7.8,68.8,71.4,4.9,2021
N.29_10,N.29,Seri Serdang,P.103,Puchong,10,Selangor,,,,,,,172.2,164.4,7.8,68.8,71.4,4.9,2021
N.30_10,N.30,Kinrara,P.104,Subang,10,Selangor,,,,,,,271.3,258.3,13.0,87.0,75.7,4.9,2021
N.31_10,N.31,Subang Jaya,P.104,Subang,10,Selangor,,,,,,,271.3,258.3,13.0,87.0,75.7,4.9,2021
N.32_10,N.32,Seri Setia,P.105,Petaling Jaya,10,Selangor,,,,,,,203.7,194.0,9.8,64.2,76.1,5.0,2021
N.33_10,N.33,Taman Medan,P.105,Petaling Jaya,10,Selangor,,,,,,,203.7,194.0,9.8,64.2,76.1,5.0,2021
N.34_10,N.34,Bukit Gasing,P.105,Petaling Jaya,10,Selangor,,,,,,,203.7,194.0,9.8,64.2,76.1,5.0,2021
N.35_10,N.35,Kampung Tunku,P.106,Damansara,10,Selangor,,,,,,,236.5,224.9,11.6,70.2,77.1,5.1,2021
N.36_10,N.36,Bandar Utama,P.106,Damansara,10,Selangor,,,,,,,236.5,224.9,11.6,70.2,77.1,5.1,2021
N.37_10,N.37,Bukit Lanjan,P.106,Damansara,10,Selangor,,,,,,,236.5,224.9,11.6,70.2,77.1,5.1,2021
N.38_10,N.38,Paya Jaras,P.107,Sungai Buloh,10,Selangor,,,,,,,175.5,168.1,7.4,59.3,74.7,4.0,2021
N.39_10,N.39,Kota Damansara,P.107,Sungai Buloh,10,Selangor,,,,,,,175.5,168.1,7.4,59.3,74.7,4.0,2021
N.40_10,N.40,Kota Anggerik,P.108,Shah Alam,10,Selangor,,,,,,,232.0,223.2,8.8,74.5,75.7,3.8,2021
N.41_10,N.41,Batu Tiga,P.108,Shah Alam,10,Selangor,,,,,,,232.0,223.2,8.8,74.5,75.7,3.8,2021
N.42_10,N.42,Meru,P.109,Kapar,10,Selangor,,,,,,,171.7,164.0,7.7,51.4,76.9,4.4,2021
N.43_10,N.43,Sementa,P.109,Kapar,10,Selangor,,,,,,,171.7,164.0,7.7,51.4,76.9,4.4,2021
N.44_10,N.44,Selat Klang,P.109,Kapar,10,Selangor,,,,,,,171.7,164.0,7.7,51.4,76.9,4.4,2021
N.45_10,N.45,Bandar Baru Klang,P.110,Klang,10,Selangor,,,,,,,161.9,154.3,7.6,45.0,78.3,4.6,2021
N.46_10,N.46,Pelabuhan Klang,P.110,Klang,10,Selangor,,,,,,,161.9,154.3,7.6,45.0,78.3,4.6,2021
N.47_10,N.47,Pandamaran,P.110,Klang,10,Selangor,,,,,,,161.9,154.3,7.6,45.0,78.3,4.6,2021
N.48_10,N.48,Sentosa,P.111,Kota Raja,10,Selangor,,,,,,,270.6,260.6,10.0,84.4,76.2,3.6,2021
N.49_10,N.49,Sungai Kandis,P.111,Kota Raja,10,Selangor,,,,,,,270.6,260.6,10.0,84.4,76.2,3.6,2021
N.50_10,N.50,Kota Kemuning,P.111,Kota Raja,10,Selangor,,,,,,,270.6,260.6,10.0,84.4,76.2,3.6,2021
N.51_10,N.51,Sijangkang,P.112,Kuala Langat,10,Selangor,,,,,,,133.2,129.2,4.0,38.5,77.6,3.4,2021
N.52_10,N.52,Banting,P.112,Kuala Langat,10,Selangor,,,,,,,133.2,129.2,4.0,38.5,77.6,3.4,2021
N.53_10,N.53,Morib,P.112,Kuala Langat,10,Selangor,,,,,,,133.2,129.2,4.0,38.5,77.6,3.4,2021
N.54_10,N.54,Tanjong Sepat,P.113,Sepang,10,Selangor,,,,,,,201.6,194.0,7.6,66.5,75.2,3.6,2021
N.55_10,N.55,Dengkil,P.113,Sepang,10,Selangor,,,,,,,201.6,194.0,7.6,66.5,75.2,3.6,2021
N.56_10,N.56,Sungai Pelek,P.113,Sepang,10,Selangor,,,,,,,201.6,194.0,7.6,66.5,75.2,3.6,2021
_14,,,P.114,Kepong,14,W.P. Kuala Lumpur,,,,,,,41.8,39.9,1.9,16.7,71.5,4.7,2021
_14,,,P.115,Batu,14,W.P. Kuala Lumpur,,,,,,,85.8,81.9,3.9,35.6,70.6,4.8,2021
_14,,,P.116,Wangsa Maju,14,W.P. Kuala Lumpur,,,,,,,92.0,88.4,3.6,38.6,70.4,3.4,2021
_14,,,P.117,Segambut,14,W.P. Kuala Lumpur,,,,,,,124.1,118.3,5.8,44.3,73.7,4.5,2021
_14,,,P.118,Setiawangsa,14,W.P. Kuala Lumpur,,,,,,,73.0,69.7,3.4,29.8,71.0,4.6,2021
_14,,,P.119,Titiwangsa,14,W.P. Kuala Lumpur,,,,,,,57.3,55.1,2.3,19.8,74.3,3.6,2021
_14,,,P.120,Bukit Bintang,14,W.P. Kuala Lumpur,,,,,,,53.8,51.9,2.0,20.3,72.6,3.0,2021
_14,,,P.121,Lembah Pantai,14,W.P. Kuala Lumpur,,,,,,,67.3,64.7,2.6,25.1,72.8,3.3,2021
_14,,,P.122,Seputeh,14,W.P. Kuala Lumpur,,,,,,,146.8,141.1,5.7,62.5,70.1,3.5,2021
_14,,,P.123,Cheras,14,W.P. Kuala Lumpur,,,,,,,63.2,60.6,2.5,23.8,72.6,3.7,2021
_14,,,P.124,Bandar Tun Razak,14,W.P. Kuala Lumpur,,,,,,,88.2,84.1,4.1,35.3,71.4,4.4,2021
_16,,,P.125,Putrajaya,16,W.P. Putrajaya,,,,,,,37.8,37.2,0.6,12.6,75.0,1.5,2021
N.01_05,N.01,Chennah,P.126,Jelebu,5,Negeri Sembilan,,,,,,,23.2,22.5,0.7,13.1,63.9,4.0,2021
N.02_05,N.02,Pertang,P.126,Jelebu,5,Negeri Sembilan,,,,,,,23.2,22.5,0.7,13.1,63.9,4.0,2021
N.03_05,N.03,Sungai Lui,P.126,Jelebu,5,Negeri Sembilan,,,,,,,23.2,22.5,0.7,13.1,63.9,4.0,2021
N.04_05,N.04,Klawang,P.126,Jelebu,5,Negeri Sembilan,,,,,,,23.2,22.5,0.7,13.1,63.9,4.0,2021
N.05_05,N.05,Serting,P.127,Jempol,5,Negeri Sembilan,,,,,,,40.3,38.6,1.7,25.9,60.9,3.9,2021
N.06_05,N.06,Palong,P.127,Jempol,5,Negeri Sembilan,,,,,,,40.3,38.6,1.7,25.9,60.9,3.9,2021
N.07_05,N.07,Jeram Padang,P.127,Jempol,5,Negeri Sembilan,,,,,,,40.3,38.6,1.7,25.9,60.9,3.9,2021
N.08_05,N.08,Bahau,P.127,Jempol,5,Negeri Sembilan,,,,,,,40.3,38.6,1.7,25.9,60.9,3.9,2021
N.09_05,N.09,Lenggeng,P.128,Seremban,5,Negeri Sembilan,,,,,,,111.1,105.7,5.4,63.8,63.5,3.6,2021
N.10_05,N.10,Nilai,P.128,Seremban,5,Negeri Sembilan,,,,,,,111.1,105.7,5.4,63.8,63.5,3.6,2021
N.11_05,N.11,Lobak,P.128,Seremban,5,Negeri Sembilan,,,,,,,111.1,105.7,5.4,63.8,63.5,3.6,2021
N.12_05,N.12,Temiang,P.128,Seremban,5,Negeri Sembilan,,,,,,,111.1,105.7,5.4,63.8,63.5,3.6,2021
N.13_05,N.13,Sikamat,P.128,Seremban,5,Negeri Sembilan,,,,,,,111.1,105.7,5.4,63.8,63.5,3.6,2021
N.14_05,N.14,Ampangan,P.128,Seremban,5,Negeri Sembilan,,,,,,,111.1,105.7,5.4,63.8,63.5,3.6,2021
N.15_05,N.15,Juasseh,P.129,Kuala Pilah,5,Negeri Sembilan,,,,,,,29.7,28.3,1.4,19.1,60.9,4.1,2021
N.16_05,N.16,Seri Menanti,P.129,Kuala Pilah,5,Negeri Sembilan,,,,,,,29.7,28.3,1.4,19.1,60.9,4.1,2021
N.17_05,N.17,Senaling,P.129,Kuala Pilah,5,Negeri Sembilan,,,,,,,29.7,28.3,1.4,19.1,60.9,4.1,2021
N.18_05,N.18,Pilah,P.129,Kuala Pilah,5,Negeri Sembilan,,,,,,,29.7,28.3,1.4,19.1,60.9,4.1,2021
N.19_05,N.19,Johol,P.129,Kuala Pilah,5,Negeri Sembilan,,,,,,,29.7,28.3,1.4,19.1,60.9,4.1,2021
N.20_05,N.20,Labu,P.130,Rasah,5,Negeri Sembilan,,,,,,,105.9,101.7,4.2,60.2,63.8,3.8,2021
N.21_05,N.21,Bukit Kepayang,P.130,Rasah,5,Negeri Sembilan,,,,,,,105.9,101.7,4.2,60.2,63.8,3.8,2021
N.22_05,N.22,Rahang,P.130,Rasah,5,Negeri Sembilan,,,,,,,105.9,101.7,4.2,60.2,63.8,3.8,2021
N.23_05,N.23,Mambau,P.130,Rasah,5,Negeri Sembilan,,,,,,,105.9,101.7,4.2,60.2,63.8,3.8,2021
N.24_05,N.24,Seremban Jaya,P.130,Rasah,5,Negeri Sembilan,,,,,,,105.9,101.7,4.2,60.2,63.8,3.8,2021
N.25_05,N.25,Paroi,P.131,Rembau,5,Negeri Sembilan,,,,,,,87.3,84.3,3.0,51.6,62.8,3.6,2021
N.26_05,N.26,Chembong,P.131,Rembau,5,Negeri Sembilan,,,,,,,87.3,84.3,3.0,51.6,62.8,3.6,2021
N.27_05,N.27,Rantau,P.131,Rembau,5,Negeri Sembilan,,,,,,,87.3,84.3,3.0,51.6,62.8,3.6,2021
N.28_05,N.28,Kota,P.131,Rembau,5,Negeri Sembilan,,,,,,,87.3,84.3,3.0,51.6,62.8,3.6,2021
N.29_05,N.29,Chuah,P.132,Port Dickson,5,Negeri Sembilan,,,,,,,55.1,52.8,2.3,30.6,64.3,4.0,2021
N.30_05,N.30,Lukut,P.132,Port Dickson,5,Negeri Sembilan,,,,,,,55.1,52.8,2.3,30.6,64.3,4.0,2021
N.31_05,N.31,Bagan Pinang,P.132,Port Dickson,5,Negeri Sembilan,,,,,,,55.1,52.8,2.3,30.6,64.3,4.0,2021
N.32_05,N.32,Linggi,P.132,Port Dickson,5,Negeri Sembilan,,,,,,,55.1,52.8,2.3,30.6,64.3,4.0,2021
N.33_05,N.33,Sri Tanjung,P.132,Port Dickson,5,Negeri Sembilan,,,,,,,55.1,52.8,2.3,30.6,64.3,4.0,2021
N.34_05,N.34,Gemas,P.133,Tampin,5,Negeri Sembilan,,,,,,,35.2,33.6,1.6,18.8,65.2,4.1,2021
N.35_05,N.35,Gemencheh,P.133,Tampin,5,Negeri Sembilan,,,,,,,35.2,33.6,1.6,18.8,65.2,4.1,2021
N.36_05,N.36,Repah,P.133,Tampin,5,Negeri Sembilan,,,,,,,35.2,33.6,1.6,18.8,65.2,4.1,2021
N.01_04,N.01,Kuala Linggi,P.134,Masjid Tanah,4,Melaka,,,,,,,48.3,47.2,1.1,19.4,71.3,2.4,2021
N.02_04,N.02,Tanjung Bidara,P.134,Masjid Tanah,4,Melaka,,,,,,,48.3,47.2,1.1,19.4,71.3,2.4,2021
N.03_04,N.03,Ayer Limau,P.134,Masjid Tanah,4,Melaka,,,,,,,48.3,47.2,1.1,19.4,71.3,2.4,2021
N.04_04,N.04,Lendu,P.134,Masjid Tanah,4,Melaka,,,,,,,48.3,47.2,1.1,19.4,71.3,2.4,2021
N.05_04,N.05,Taboh Naning,P.134,Masjid Tanah,4,Melaka,,,,,,,48.3,47.2,1.1,19.4,71.3,2.4,2021
N.06_04,N.06,Rembia,P.135,Alor Gajah,4,Melaka,,,,,,,71.3,69.6,1.7,30.6,70.0,2.6,2021
N.07_04,N.07,Gadek,P.135,Alor Gajah,4,Melaka,,,,,,,71.3,69.6,1.7,30.6,70.0,2.6,2021
N.08_04,N.08,Machap Jaya,P.135,Alor Gajah,4,Melaka,,,,,,,71.3,69.6,1.7,30.6,70.0,2.6,2021
N.09_04,N.09,Durian Tunggal,P.135,Alor Gajah,4,Melaka,,,,,,,71.3,69.6,1.7,30.6,70.0,2.6,2021
N.10_04,N.10,Asahan,P.135,Alor Gajah,4,Melaka,,,,,,,71.3,69.6,1.7,30.6,70.0,2.6,2021
N.11_04,N.11,Sungai Udang,P.136,Tangga Batu,4,Melaka,,,,,,,94.3,92.7,1.6,45.6,67.4,1.8,2021
N.12_04,N.12,Pantai Kundor,P.136,Tangga Batu,4,Melaka,,,,,,,94.3,92.7,1.6,45.6,67.4,1.8,2021
N.13_04,N.13,Paya Rumput,P.136,Tangga Batu,4,Melaka,,,,,,,94.3,92.7,1.6,45.6,67.4,1.8,2021
N.14_04,N.14,Kelebang,P.136,Tangga Batu,4,Melaka,,,,,,,94.3,92.7,1.6,45.6,67.4,1.8,2021
N.15_04,N.15,Pengkalan Batu,P.137,Hang Tuah Jaya,4,Melaka,,,,,,,69.3,67.8,1.5,32.1,68.4,2.3,2021
N.16_04,N.16,Ayer Keroh,P.137,Hang Tuah Jaya,4,Melaka,,,,,,,69.3,67.8,1.5,32.1,68.4,2.3,2021
N.17_04,N.17,Bukit Katil,P.137,Hang Tuah Jaya,4,Melaka,,,,,,,69.3,67.8,1.5,32.1,68.4,2.3,2021
N.18_04,N.18,Ayer Molek,P.137,Hang Tuah Jaya,4,Melaka,,,,,,,69.3,67.8,1.5,32.1,68.4,2.3,2021
N.19_04,N.19,Kesidang,P.138,Kota Melaka,4,Melaka,,,,,,,99.5,97.4,2.1,44.8,69.0,2.4,2021
N.20_04,N.20,Kota Laksamana,P.138,Kota Melaka,4,Melaka,,,,,,,99.5,97.4,2.1,44.8,69.0,2.4,2021
N.21_04,N.21,Duyong,P.138,Kota Melaka,4,Melaka,,,,,,,99.5,97.4,2.1,44.8,69.0,2.4,2021
N.22_04,N.22,Bandar Hilir,P.138,Kota Melaka,4,Melaka,,,,,,,99.5,97.4,2.1,44.8,69.0,2.4,2021
N.23_04,N.23,Telok Mas,P.138,Kota Melaka,4,Melaka,,,,,,,99.5,97.4,2.1,44.8,69.0,2.4,2021
N.24_04,N.24,Bemban,P.139,Jasin,4,Melaka,,,,,,,61.4,60.4,1.0,34.4,64.1,1.7,2021
N.25_04,N.25,Rim,P.139,Jasin,4,Melaka,,,,,,,61.4,60.4,1.0,34.4,64.1,1.7,2021
N.26_04,N.26,Serkam,P.139,Jasin,4,Melaka,,,,,,,61.4,60.4,1.0,34.4,64.1,1.7,2021
N.27_04,N.27,Merlimau,P.139,Jasin,4,Melaka,,,,,,,61.4,60.4,1.0,34.4,64.1,1.7,2021
N.28_04,N.28,Sungai Rambai,P.139,Jasin,4,Melaka,,,,,,,61.4,60.4,1.0,34.4,64.1,1.7,2021
N.01_01,N.01,Buloh Kasap,P.140,Segamat,1,Johor,,,,,,,37.2,35.7,1.4,16.1,69.8,3.8,2021
N.02_01,N.02,Jementah,P.140,Segamat,1,Johor,,,,,,,37.2,35.7,1.4,16.1,69.8,3.8,2021
N.03_01,N.03,Pemanis,P.141,Sekijang,1,Johor,,,,,,,36.4,34.7,1.7,16.1,69.4,4.1,2021
N.04_01,N.04,Kemelah,P.141,Sekijang,1,Johor,,,,,,,36.4,34.7,1.7,16.1,69.4,4.1,2021
N.05_01,N.05,Tenang,P.142,Labis,1,Johor,,,,,,,19.3,18.4,0.9,8.5,69.4,4.3,2021
N.06_01,N.06,Bekok,P.142,Labis,1,Johor,,,,,,,19.3,18.4,0.9,8.5,69.4,4.3,2021
N.07_01,N.07,Bukit Kepong,P.143,Pagoh,1,Johor,,,,,,,46.3,45.2,1.1,23.8,66.0,2.1,2021
N.08_01,N.08,Bukit Pasir,P.143,Pagoh,1,Johor,,,,,,,46.3,45.2,1.1,23.8,66.0,2.1,2021
N.09_01,N.09,Gambir,P.144,Ledang,1,Johor,,,,,,,59.6,57.6,2.0,33.5,64.0,2.9,2021
N.10_01,N.10,Tangkak,P.144,Ledang,1,Johor,,,,,,,59.6,57.6,2.0,33.5,64.0,2.9,2021
N.11_01,N.11,Serom,P.144,Ledang,1,Johor,,,,,,,59.6,57.6,2.0,33.5,64.0,2.9,2021
N.12_01,N.12,Bentayan,P.145,Bakri,1,Johor,,,,,,,59.5,57.6,1.9,28.8,67.4,2.8,2021
N.13_01,N.13,Simpang Jeram,P.145,Bakri,1,Johor,,,,,,,59.5,57.6,1.9,28.8,67.4,2.8,2021
N.14_01,N.14,Bukit Naning,P.145,Bakri,1,Johor,,,,,,,59.5,57.6,1.9,28.8,67.4,2.8,2021
N.15_01,N.15,Maharani,P.146,Muar,1,Johor,,,,,,,42.8,41.7,1.1,21.0,67.1,2.4,2021
N.16_01,N.16,Sungai Balang,P.146,Muar,1,Johor,,,,,,,42.8,41.7,1.1,21.0,67.1,2.4,2021
N.17_01,N.17,Semerah,P.147,Parit Sulong,1,Johor,,,,,,,36.5,35.4,1.1,16.3,69.1,2.7,2021
N.18_01,N.18,Sri Medan,P.147,Parit Sulong,1,Johor,,,,,,,36.5,35.4,1.1,16.3,69.1,2.7,2021
N.19_01,N.19,Yong Peng,P.148,Ayer Hitam,1,Johor,,,,,,,32.2,31.3,0.9,14.4,69.2,2.5,2021
N.20_01,N.20,Semarang,P.148,Ayer Hitam,1,Johor,,,,,,,32.2,31.3,0.9,14.4,69.2,2.5,2021
N.21_01,N.21,Parit Yaani,P.149,Sri Gading,1,Johor,,,,,,,76.0,74.1,1.9,33.8,69.2,2.0,2021
N.22_01,N.22,Parit Raja,P.149,Sri Gading,1,Johor,,,,,,,76.0,74.1,1.9,33.8,69.2,2.0,2021
N.23_01,N.23,Penggaram,P.150,Batu Pahat,1,Johor,,,,,,,72.1,70.5,1.5,31.0,69.9,1.9,2021
N.24_01,N.24,Senggarang,P.150,Batu Pahat,1,Johor,,,,,,,72.1,70.5,1.5,31.0,69.9,1.9,2021
N.25_01,N.25,Rengit,P.150,Batu Pahat,1,Johor,,,,,,,72.1,70.5,1.5,31.0,69.9,1.9,2021
N.26_01,N.26,Machap,P.151,Simpang Renggam,1,Johor,,,,,,,35.8,33.9,2.0,15.0,70.5,4.8,2021
N.27_01,N.27,Layang-Layang,P.151,Simpang Renggam,1,Johor,,,,,,,35.8,33.9,2.0,15.0,70.5,4.8,2021
N.28_01,N.28,Mengkibol,P.152,Kluang,1,Johor,,,,,,,84.5,80.1,4.4,34.0,71.3,4.4,2021
N.29_01,N.29,Mahkota,P.152,Kluang,1,Johor,,,,,,,84.5,80.1,4.4,34.0,71.3,4.4,2021
N.30_01,N.30,Paloh,P.153,Sembrong,1,Johor,,,,,,,27.9,26.3,1.6,11.9,70.2,5.0,2021
N.31_01,N.31,Kahang,P.153,Sembrong,1,Johor,,,,,,,27.9,26.3,1.6,11.9,70.2,5.0,2021
N.32_01,N.32,Endau,P.154,Mersing,1,Johor,,,,,,,30.3,29.2,1.1,20.7,59.4,3.5,2021
N.33_01,N.33,Tenggaroh,P.154,Mersing,1,Johor,,,,,,,30.3,29.2,1.1,20.7,59.4,3.5,2021
N.34_01,N.34,Panti,P.155,Tenggara,1,Johor,,,,,,,43.2,41.7,1.5,20.1,68.3,3.2,2021
N.35_01,N.35,Pasir Raja,P.155,Tenggara,1,Johor,,,,,,,43.2,41.7,1.5,20.1,68.3,3.2,2021
N.36_01,N.36,Sedili,P.156,Kota Tinggi,1,Johor,,,,,,,24.6,23.7,0.9,11.4,68.3,3.5,2021
N.37_01,N.37,Johor Lama,P.156,Kota Tinggi,1,Johor,,,,,,,24.6,23.7,0.9,11.4,68.3,3.5,2021
N.38_01,N.38,Penawar,P.157,Pengerang,1,Johor,,,,,,,31.5,30.1,1.4,14.0,69.3,3.9,2021
N.39_01,N.39,Tanjung Surat,P.157,Pengerang,1,Johor,,,,,,,31.5,30.1,1.4,14.0,69.3,3.9,2021
N.40_01,N.40,Tiram,P.158,Tebrau,1,Johor,,,,,,,231.1,222.7,8.5,87.1,72.6,3.6,2021
N.41_01,N.41,Puteri Wangsa,P.158,Tebrau,1,Johor,,,,,,,231.1,222.7,8.5,87.1,72.6,3.6,2021
N.42_01,N.42,Johor Jaya,P.159,Pasir Gudang,1,Johor,,,,,,,176.8,168.0,8.8,66.3,72.7,4.3,2021
N.43_01,N.43,Permas,P.159,Pasir Gudang,1,Johor,,,,,,,176.8,168.0,8.8,66.3,72.7,4.3,2021
N.44_01,N.44,Larkin,P.160,Johor Bahru,1,Johor,,,,,,,87.2,84.0,3.2,31.5,73.4,3.5,2021
N.45_01,N.45,Stulang,P.160,Johor Bahru,1,Johor,,,,,,,87.2,84.0,3.2,31.5,73.4,3.5,2021
N.46_01,N.46,Perling,P.161,Pulai,1,Johor,,,,,,,137.1,132.0,5.1,51.9,72.5,3.7,2021
N.47_01,N.47,Kempas,P.161,Pulai,1,Johor,,,,,,,137.1,132.0,5.1,51.9,72.5,3.7,2021
N.48_01,N.48,Skudai,P.162,Iskandar Puteri,1,Johor,,,,,,,207.8,199.5,8.3,76.6,73.1,3.8,2021
N.49_01,N.49,Kota Iskandar,P.162,Iskandar Puteri,1,Johor,,,,,,,207.8,199.5,8.3,76.6,73.1,3.8,2021
N.50_01,N.50,Bukit Permai,P.163,Kulai,1,Johor,,,,,,,126.9,122.1,4.8,64.2,66.4,3.7,2021
N.51_01,N.51,Bukit Batu,P.163,Kulai,1,Johor,,,,,,,126.9,122.1,4.8,64.2,66.4,3.7,2021
N.52_01,N.52,Senai,P.163,Kulai,1,Johor,,,,,,,126.9,122.1,4.8,64.2,66.4,3.7,2021
N.53_01,N.53,Benut,P.164,Pontian,1,Johor,,,,,,,33.2,31.6,1.6,18.3,64.5,4.3,2021
N.54_01,N.54,Pulai Sebatang,P.164,Pontian,1,Johor,,,,,,,33.2,31.6,1.6,18.3,64.5,4.3,2021
N.55_01,N.55,Pekan Nanas,P.165,Tanjung Piai,1,Johor,,,,,,,39.0,37.3,1.7,20.5,65.6,3.9,2021
N.56_01,N.56,Kukup,P.165,Tanjung Piai,1,Johor,,,,,,,39.0,37.3,1.7,20.5,65.6,3.9,2021
_15,,,P.166,Labuan,15,W.P. Labuan,,,,,,,48.0,44.4,3.6,24.3,66.4,7.2,2021
N.01_12,N.01,Banggi,P.167,Kudat,12,Sabah,,,,,,,57.6,52.1,5.5,21.2,73.1,9.1,2021
N.02_12,N.02,Bengkoka,P.167,Kudat,12,Sabah,,,,,,,57.6,52.1,5.5,21.2,73.1,9.1,2021
N.03_12,N.03,Pitas,P.167,Kudat,12,Sabah,,,,,,,57.6,52.1,5.5,21.2,73.1,9.1,2021
N.04_12,N.04,Tanjong Kapor,P.167,Kudat,12,Sabah,,,,,,,57.6,52.1,5.5,21.2,73.1,9.1,2021
N.05_12,N.05,Matunggong,P.168,Kota Marudu,12,Sabah,,,,,,,56.5,51.8,4.6,20.8,73.1,8.6,2021
N.06_12,N.06,Bandau,P.168,Kota Marudu,12,Sabah,,,,,,,56.5,51.8,4.6,20.8,73.1,8.6,2021
N.07_12,N.07,Tandek,P.168,Kota Marudu,12,Sabah,,,,,,,56.5,51.8,4.6,20.8,73.1,8.6,2021
N.08_12,N.08,Pintasan,P.169,Kota Belud,12,Sabah,,,,,,,52.6,47.3,5.2,31.9,62.3,9.7,2021
N.09_12,N.09,Tempasuk,P.169,Kota Belud,12,Sabah,,,,,,,52.6,47.3,5.2,31.9,62.3,9.7,2021
N.10_12,N.10,Usukan,P.169,Kota Belud,12,Sabah,,,,,,,52.6,47.3,5.2,31.9,62.3,9.7,2021
N.11_12,N.11,Kadamaian,P.169,Kota Belud,12,Sabah,,,,,,,52.6,47.3,5.2,31.9,62.3,9.7,2021
N.12_12,N.12,Sulaman,P.170,Tuaran,12,Sabah,,,,,,,71.7,67.0,4.7,37.8,65.5,5.9,2021
N.13_12,N.13,Pantai Dalit,P.170,Tuaran,12,Sabah,,,,,,,71.7,67.0,4.7,37.8,65.5,5.9,2021
N.14_12,N.14,Tamparuli,P.170,Tuaran,12,Sabah,,,,,,,71.7,67.0,4.7,37.8,65.5,5.9,2021
N.15_12,N.15,Kiulu,P.170,Tuaran,12,Sabah,,,,,,,71.7,67.0,4.7,37.8,65.5,5.9,2021
N.16_12,N.16,Karambunai,P.171,Sepanggar,12,Sabah,,,,,,,207.4,194.2,13.2,79.3,72.3,6.3,2021
N.17_12,N.17,Darau,P.171,Sepanggar,12,Sabah,,,,,,,207.4,194.2,13.2,79.3,72.3,6.3,2021
N.18_12,N.18,Inanam,P.171,Sepanggar,12,Sabah,,,,,,,207.4,194.2,13.2,79.3,72.3,6.3,2021
N.19_12,N.19,Likas,P.172,Kota Kinabalu,12,Sabah,,,,,,,79.0,73.6,5.4,26.8,74.7,6.5,2021
N.20_12,N.20,Api-Api,P.172,Kota Kinabalu,12,Sabah,,,,,,,79.0,73.6,5.4,26.8,74.7,6.5,2021
N.21_12,N.21,Luyang,P.172,Kota Kinabalu,12,Sabah,,,,,,,79.0,73.6,5.4,26.8,74.7,6.5,2021
N.22_12,N.22,Tanjong Aru,P.173,Putatan,12,Sabah,,,,,,,71.4,65.9,5.5,24.6,74.4,7.5,2021
N.23_12,N.23,Petagas,P.173,Putatan,12,Sabah,,,,,,,71.4,65.9,5.5,24.6,74.4,7.5,2021
N.24_12,N.24,Tanjung Keramat,P.173,Putatan,12,Sabah,,,,,,,71.4,65.9,5.5,24.6,74.4,7.5,2021
N.25_12,N.25,Kapayan,P.174,Penampang,12,Sabah,,,,,,,104.7,94.9,9.8,49.5,67.9,8.7,2021
N.26_12,N.26,Moyog,P.174,Penampang,12,Sabah,,,,,,,104.7,94.9,9.8,49.5,67.9,8.7,2021
N.27_12,N.27,Limbahau,P.175,Papar,12,Sabah,,,,,,,64.0,59.0,5.0,31.0,67.4,7.2,2021
N.28_12,N.28,Kawang,P.175,Papar,12,Sabah,,,,,,,64.0,59.0,5.0,31.0,67.4,7.2,2021
N.29_12,N.29,Pantai Manis,P.175,Papar,12,Sabah,,,,,,,64.0,59.0,5.0,31.0,67.4,7.2,2021
N.30_12,N.30,Bongawan,P.176,Kimanis,12,Sabah,,,,,,,31.7,29.5,2.3,15.5,67.2,8.1,2021
N.31_12,N.31,Membakut,P.176,Kimanis,12,Sabah,,,,,,,31.7,29.5,2.3,15.5,67.2,8.1,2021
N.32_12,N.32,Klias,P.177,Beaufort,12,Sabah,,,,,,,30.8,28.8,2.0,15.2,66.9,6.3,2021
N.33_12,N.33,Kuala Penyu,P.177,Beaufort,12,Sabah,,,,,,,30.8,28.8,2.0,15.2,66.9,6.3,2021
N.34_12,N.34,Lumadan,P.178,Sipitang,12,Sabah,,,,,,,37.0,34.5,2.5,18.8,66.4,6.4,2021
N.35_12,N.35,Sindumin,P.178,Sipitang,12,Sabah,,,,,,,37.0,34.5,2.5,18.8,66.4,6.4,2021
N.36_12,N.36,Kundasang,P.179,Ranau,12,Sabah,,,,,,,70.7,64.6,6.0,23.6,75.0,8.8,2021
N.37_12,N.37,Karanaan,P.179,Ranau,12,Sabah,,,,,,,70.7,64.6,6.0,23.6,75.0,8.8,2021
N.38_12,N.38,Paginatan,P.179,Ranau,12,Sabah,,,,,,,70.7,64.6,6.0,23.6,75.0,8.8,2021
N.39_12,N.39,Tambunan,P.180,Keningau,12,Sabah,,,,,,,68.4,63.7,4.7,41.3,62.4,6.3,2021
N.40_12,N.40,Bingkor,P.180,Keningau,12,Sabah,,,,,,,68.4,63.7,4.7,41.3,62.4,6.3,2021
N.41_12,N.41,Liawan,P.180,Keningau,12,Sabah,,,,,,,68.4,63.7,4.7,41.3,62.4,6.3,2021
N.42_12,N.42,Melalap,P.181,Tenom,12,Sabah,,,,,,,28.7,26.8,1.9,17.3,62.4,6.1,2021
N.43_12,N.43,Kemabong,P.181,Tenom,12,Sabah,,,,,,,28.7,26.8,1.9,17.3,62.4,6.1,2021
N.44_12,N.44,Tulid,P.182,Pensiangan,12,Sabah,,,,,,,58.0,53.5,4.5,24.5,70.3,8.0,2021
N.45_12,N.45,Sook,P.182,Pensiangan,12,Sabah,,,,,,,58.0,53.5,4.5,24.5,70.3,8.0,2021
N.46_12,N.46,Nabawan,P.182,Pensiangan,12,Sabah,,,,,,,58.0,53.5,4.5,24.5,70.3,8.0,2021
N.47_12,N.47,Telupid,P.183,Beluran,12,Sabah,,,,,,,66.2,60.8,5.4,23.7,73.7,8.2,2021
N.48_12,N.48,Sugut,P.183,Beluran,12,Sabah,,,,,,,66.2,60.8,5.4,23.7,73.7,8.2,2021
N.49_12,N.49,Labuk,P.183,Beluran,12,Sabah,,,,,,,66.2,60.8,5.4,23.7,73.7,8.2,2021
N.50_12,N.50,Gum-Gum,P.184,Libaran,12,Sabah,,,,,,,103.3,95.4,7.9,35.4,74.5,8.0,2021
N.51_12,N.51,Sungai Manila,P.184,Libaran,12,Sabah,,,,,,,103.3,95.4,7.9,35.4,74.5,8.0,2021
N.52_12,N.52,Sungai Sibuga,P.184,Libaran,12,Sabah,,,,,,,103.3,95.4,7.9,35.4,74.5,8.0,2021
N.53_12,N.53,Sekong,P.185,Batu Sapi,12,Sabah,,,,,,,77.9,72.2,5.8,26.8,74.4,7.7,2021
N.54_12,N.54,Karamunting,P.185,Batu Sapi,12,Sabah,,,,,,,77.9,72.2,5.8,26.8,74.4,7.7,2021
N.55_12,N.55,Elopura,P.186,Sandakan,12,Sabah,,,,,,,81.7,75.1,6.6,27.6,74.8,8.1,2021
N.56_12,N.56,Tanjong Papat,P.186,Sandakan,12,Sabah,,,,,,,81.7,75.1,6.6,27.6,74.8,8.1,2021
N.57_12,N.57,Kuamut,P.187,Kinabatangan,12,Sabah,,,,,,,132.9,119.3,13.5,59.2,69.2,9.7,2021
N.58_12,N.58,Lamag,P.187,Kinabatangan,12,Sabah,,,,,,,132.9,119.3,13.5,59.2,69.2,9.7,2021
N.59_12,N.59,Sukau,P.187,Kinabatangan,12,Sabah,,,,,,,132.9,119.3,13.5,59.2,69.2,9.7,2021
N.60_12,N.60,Tungku,P.188,Lahad Datu,12,Sabah,,,,,,,153.0,137.9,15.2,63.2,70.8,9.7,2021
N.61_12,N.61,Segama,P.188,Lahad Datu,12,Sabah,,,,,,,153.0,137.9,15.2,63.2,70.8,9.7,2021
N.62_12,N.62,Silam,P.188,Lahad Datu,12,Sabah,,,,,,,153.0,137.9,15.2,63.2,70.8,9.7,2021
N.63_12,N.63,Kunak,P.188,Lahad Datu,12,Sabah,,,,,,,153.0,137.9,15.2,63.2,70.8,9.7,2021
N.64_12,N.64,Sulabayan,P.189,Semporna,12,Sabah,,,,,,,71.9,64.8,7.2,42.2,63.0,10.1,2021
N.65_12,N.65,Senallang,P.189,Semporna,12,Sabah,,,,,,,71.9,64.8,7.2,42.2,63.0,10.1,2021
N.66_12,N.66,Bugaya,P.189,Semporna,12,Sabah,,,,,,,71.9,64.8,7.2,42.2,63.0,10.1,2021
N.67_12,N.67,Balung,P.190,Tawau,12,Sabah,,,,,,,143.1,132.6,10.5,45.2,76.0,7.0,2021
N.68_12,N.68,Apas,P.190,Tawau,12,Sabah,,,,,,,143.1,132.6,10.5,45.2,76.0,7.0,2021
N.69_12,N.69,Sri Tanjong,P.190,Tawau,12,Sabah,,,,,,,143.1,132.6,10.5,45.2,76.0,7.0,2021
N.70_12,N.70,Kukusan,P.191,Kalabakan,12,Sabah,,,,,,,101.9,91.1,10.8,46.0,68.9,10.0,2021
N.71_12,N.71,Tanjung Batu,P.191,Kalabakan,12,Sabah,,,,,,,101.9,91.1,10.8,46.0,68.9,10.0,2021
N.72_12,N.72,Merotai,P.191,Kalabakan,12,Sabah,,,,,,,101.9,91.1,10.8,46.0,68.9,10.0,2021
N.73_12,N.73,Sebatik,P.191,Kalabakan,12,Sabah,,,,,,,101.9,91.1,10.8,46.0,68.9,10.0,2021
N.01_13,N.01,Opar,P.192,Mas Gading,13,Sarawak,,,,,,,28.3,27.4,0.9,14.1,66.7,3.3,2021
N.02_13,N.02,Tasik Biru,P.192,Mas Gading,13,Sarawak,,,,,,,28.3,27.4,0.9,14.1,66.7,3.3,2021
N.03_13,N.03,Tanjong Datu,P.193,Santubong,13,Sarawak,,,,,,,61.7,59.1,2.6,33.0,65.1,4.5,2021
N.04_13,N.04,Pantai Damai,P.193,Santubong,13,Sarawak,,,,,,,61.7,59.1,2.6,33.0,65.1,4.5,2021
N.05_13,N.05,Demak Laut,P.193,Santubong,13,Sarawak,,,,,,,61.7,59.1,2.6,33.0,65.1,4.5,2021
N.06_13,N.06,Tupong,P.194,Petra Jaya,13,Sarawak,,,,,,,80.3,76.9,3.5,43.1,65.1,4.5,2021
N.07_13,N.07,Samariang,P.194,Petra Jaya,13,Sarawak,,,,,,,80.3,76.9,3.5,43.1,65.1,4.5,2021
N.08_13,N.08,Satok,P.194,Petra Jaya,13,Sarawak,,,,,,,80.3,76.9,3.5,43.1,65.1,4.5,2021
N.09_13,N.09,Padungan,P.195,Bandar Kuching,13,Sarawak,,,,,,,59.1,56.4,2.7,31.8,65.0,4.7,2021
N.10_13,N.10,Pending,P.195,Bandar Kuching,13,Sarawak,,,,,,,59.1,56.4,2.7,31.8,65.0,4.7,2021
N.11_13,N.11,Batu Lintang,P.195,Bandar Kuching,13,Sarawak,,,,,,,59.1,56.4,2.7,31.8,65.0,4.7,2021
N.12_13,N.12,Kota Sentosa,P.196,Stampin,13,Sarawak,,,,,,,114.0,107.7,6.3,56.2,67.0,4.9,2021
N.13_13,N.13,Batu Kitang,P.196,Stampin,13,Sarawak,,,,,,,114.0,107.7,6.3,56.2,67.0,4.9,2021
N.14_13,N.14,Batu Kawah,P.196,Stampin,13,Sarawak,,,,,,,114.0,107.7,6.3,56.2,67.0,4.9,2021
N.15_13,N.15,Asajaya,P.197,Kota Samarahan,13,Sarawak,,,,,,,83.0,79.0,4.0,44.4,65.1,4.7,2021
N.16_13,N.16,Muara Tuang,P.197,Kota Samarahan,13,Sarawak,,,,,,,83.0,79.0,4.0,44.4,65.1,4.7,2021
N.17_13,N.17,Stakan,P.197,Kota Samarahan,13,Sarawak,,,,,,,83.0,79.0,4.0,44.4,65.1,4.7,2021
N.18_13,N.18,Serembu,P.198,Puncak Borneo,13,Sarawak,,,,,,,43.0,40.4,2.5,23.1,65.0,5.0,2021
N.19_13,N.19,Mambong,P.198,Puncak Borneo,13,Sarawak,,,,,,,43.0,40.4,2.5,23.1,65.0,5.0,2021
N.20_13,N.20,Tarat,P.198,Puncak Borneo,13,Sarawak,,,,,,,43.0,40.4,2.5,23.1,65.0,5.0,2021
N.21_13,N.21,Tebedu,P.199,Serian,13,Sarawak,,,,,,,34.6,32.6,2.0,19.2,64.3,4.9,2021
N.22_13,N.22,Kedup,P.199,Serian,13,Sarawak,,,,,,,34.6,32.6,2.0,19.2,64.3,4.9,2021
N.23_13,N.23,Bukit Semuja,P.199,Serian,13,Sarawak,,,,,,,34.6,32.6,2.0,19.2,64.3,4.9,2021
N.24_13,N.24,Sadong Jaya,P.200,Batang Sadong,13,Sarawak,,,,,,,18.9,18.1,0.8,8.1,69.9,4.4,2021
N.25_13,N.25,Simunjan,P.200,Batang Sadong,13,Sarawak,,,,,,,18.9,18.1,0.8,8.1,69.9,4.4,2021
N.26_13,N.26,Gedong,P.200,Batang Sadong,13,Sarawak,,,,,,,18.9,18.1,0.8,8.1,69.9,4.4,2021
N.27_13,N.27,Sebuyau,P.201,Batang Lupar,13,Sarawak,,,,,,,20.2,19.4,0.8,9.0,69.3,4.1,2021
N.28_13,N.28,Lingga,P.201,Batang Lupar,13,Sarawak,,,,,,,20.2,19.4,0.8,9.0,69.3,4.1,2021
N.29_13,N.29,Beting Maro,P.201,Batang Lupar,13,Sarawak,,,,,,,20.2,19.4,0.8,9.0,69.3,4.1,2021
N.30_13,N.30,Balai Ringin,P.202,Sri Aman,13,Sarawak,,,,,,,35.8,34.2,1.5,15.2,70.2,4.5,2021
N.31_13,N.31,Bukit Begunan,P.202,Sri Aman,13,Sarawak,,,,,,,35.8,34.2,1.5,15.2,70.2,4.5,2021
N.32_13,N.32,Simanggang,P.202,Sri Aman,13,Sarawak,,,,,,,35.8,34.2,1.5,15.2,70.2,4.5,2021
N.33_13,N.33,Engkilili,P.203,Lubok Antu,13,Sarawak,,,,,,,14.7,14.2,0.5,6.9,68.2,4.0,2021
N.34_13,N.34,Batang Ai,P.203,Lubok Antu,13,Sarawak,,,,,,,14.7,14.2,0.5,6.9,68.2,4.0,2021
N.35_13,N.35,Saribas,P.204,Betong,13,Sarawak,,,,,,,17.9,16.9,1.0,10.8,62.3,4.8,2021
N.36_13,N.36,Layar,P.204,Betong,13,Sarawak,,,,,,,17.9,16.9,1.0,10.8,62.3,4.8,2021
N.37_13,N.37,Bukit Saban,P.204,Betong,13,Sarawak,,,,,,,17.9,16.9,1.0,10.8,62.3,4.8,2021
N.38_13,N.38,Kalaka,P.205,Saratok,13,Sarawak,,,,,,,24.8,23.7,1.1,11.6,68.1,4.4,2021
N.39_13,N.39,Krian,P.205,Saratok,13,Sarawak,,,,,,,24.8,23.7,1.1,11.6,68.1,4.4,2021
N.40_13,N.40,Kabong,P.205,Saratok,13,Sarawak,,,,,,,24.8,23.7,1.1,11.6,68.1,4.4,2021
N.41_13,N.41,Kuala Rajang,P.206,Tanjong Manis,13,Sarawak,,,,,,,17.7,17.0,0.7,9.0,66.2,4.0,2021
N.42_13,N.42,Semop,P.206,Tanjong Manis,13,Sarawak,,,,,,,17.7,17.0,0.7,9.0,66.2,4.0,2021
N.43_13,N.43,Daro,P.207,Igan,13,Sarawak,,,,,,,14.9,13.9,1.0,7.6,66.2,5.9,2021
N.44_13,N.44,Jemoreng,P.207,Igan,13,Sarawak,,,,,,,14.9,13.9,1.0,7.6,66.2,5.9,2021
N.45_13,N.45,Repok,P.208,Sarikei,13,Sarawak,,,,,,,23.0,21.6,1.4,11.5,66.6,5.0,2021
N.46_13,N.46,Meradong,P.208,Sarikei,13,Sarawak,,,,,,,23.0,21.6,1.4,11.5,66.6,5.0,2021
N.47_13,N.47,Pakan,P.209,Julau,13,Sarawak,,,,,,,19.3,18.2,1.1,7.4,72.3,4.8,2021
N.48_13,N.48,Meluan,P.209,Julau,13,Sarawak,,,,,,,19.3,18.2,1.1,7.4,72.3,4.8,2021
N.49_13,N.49,Ngemah,P.210,Kanowit,13,Sarawak,,,,,,,12.6,11.9,0.7,5.9,68.2,4.8,2021
N.50_13,N.50,Machan,P.210,Kanowit,13,Sarawak,,,,,,,12.6,11.9,0.7,5.9,68.2,4.8,2021
N.51_13,N.51,Bukit Assek,P.211,Lanang,13,Sarawak,,,,,,,54.4,51.1,3.3,28.2,65.9,5.3,2021
N.52_13,N.52,Dudong,P.211,Lanang,13,Sarawak,,,,,,,54.4,51.1,3.3,28.2,65.9,5.3,2021
N.53_13,N.53,Bawang Assan,P.212,Sibu,13,Sarawak,,,,,,,76.5,73.8,2.7,35.7,68.2,3.6,2021
N.54_13,N.54,Pelawan,P.212,Sibu,13,Sarawak,,,,,,,76.5,73.8,2.7,35.7,68.2,3.6,2021
N.55_13,N.55,Nangka,P.212,Sibu,13,Sarawak,,,,,,,76.5,73.8,2.7,35.7,68.2,3.6,2021
N.56_13,N.56,Dalat,P.213,Mukah,13,Sarawak,,,,,,,33.7,32.5,1.2,16.8,66.8,3.4,2021
N.57_13,N.57,Tellian,P.213,Mukah,13,Sarawak,,,,,,,33.7,32.5,1.2,16.8,66.8,3.4,2021
N.58_13,N.58,Balingian,P.213,Mukah,13,Sarawak,,,,,,,33.7,32.5,1.2,16.8,66.8,3.4,2021
N.59_13,N.59,Tamin,P.214,Selangau,13,Sarawak,,,,,,,27.9,26.8,1.1,14.0,66.6,4.3,2021
N.60_13,N.60,Kakus,P.214,Selangau,13,Sarawak,,,,,,,27.9,26.8,1.1,14.0,66.6,4.3,2021
N.61_13,N.61,Pelagus,P.215,Kapit,13,Sarawak,,,,,,,23.4,21.9,1.5,11.7,66.7,5.8,2021
N.62_13,N.62,Katibas,P.215,Kapit,13,Sarawak,,,,,,,23.4,21.9,1.5,11.7,66.7,5.8,2021
N.63_13,N.63,Bukit Goram,P.215,Kapit,13,Sarawak,,,,,,,23.4,21.9,1.5,11.7,66.7,5.8,2021
N.64_13,N.64,Baleh,P.216,Hulu Rajang,13,Sarawak,,,,,,,27.5,26.3,1.2,12.7,68.5,4.5,2021
N.65_13,N.65,Belaga,P.216,Hulu Rajang,13,Sarawak,,,,,,,27.5,26.3,1.2,12.7,68.5,4.5,2021
N.66_13,N.66,Murum,P.216,Hulu Rajang,13,Sarawak,,,,,,,27.5,26.3,1.2,12.7,68.5,4.5,2021
N.67_13,N.67,Jepak,P.217,Bintulu,13,Sarawak,,,,,,,137.5,133.0,4.6,58.0,70.4,3.5,2021
N.68_13,N.68,Tanjong Batu,P.217,Bintulu,13,Sarawak,,,,,,,137.5,133.0,4.6,58.0,70.4,3.5,2021
N.69_13,N.69,Kemena,P.217,Bintulu,13,Sarawak,,,,,,,137.5,133.0,4.6,58.0,70.4,3.5,2021
N.70_13,N.70,Samalaju,P.217,Bintulu,13,Sarawak,,,,,,,137.5,133.0,4.6,58.0,70.4,3.5,2021
N.71_13,N.71,Bekenu,P.218,Sibuti,13,Sarawak,,,,,,,36.3,35.1,1.3,20.8,63.6,3.6,2021
N.72_13,N.72,Lambir,P.218,Sibuti,13,Sarawak,,,,,,,36.3,35.1,1.3,20.8,63.6,3.6,2021
N.73_13,N.73,Piasau,P.219,Miri,13,Sarawak,,,,,,,116.5,112.8,3.7,55.3,67.8,3.1,2021
N.74_13,N.74,Pujut,P.219,Miri,13,Sarawak,,,,,,,116.5,112.8,3.7,55.3,67.8,3.1,2021
N.75_13,N.75,Senadin,P.219,Miri,13,Sarawak,,,,,,,116.5,112.8,3.7,55.3,67.8,3.1,2021
N.76_13,N.76,Marudi,P.220,Baram,13,Sarawak,,,,,,,36.5,34.5,2.0,19.5,65.2,4.8,2021
N.77_13,N.77,Telang Usan,P.220,Baram,13,Sarawak,,,,,,,36.5,34.5,2.0,19.5,65.2,4.8,2021
N.78_13,N.78,Mulu,P.220,Baram,13,Sarawak,,,,,,,36.5,34.5,2.0,19.5,65.2,4.8,2021
N.79_13,N.79,Bukit Kota,P.221,Limbang,13,Sarawak,,,,,,,24.5,22.9,1.6,11.4,68.2,5.6,2021
N.80_13,N.80,Batu Danau,P.221,Limbang,13,Sarawak,,,,,,,24.5,22.9,1.6,11.4,68.2,5.6,2021
N.81_13,N.81,Ba`Kelalan,P.222,Lawas,13,Sarawak,,,,,,,20.0,18.8,1.2,8.2,70.9,5.2,2021
N.82_13,N.82,Bukit Sari,P.222,Lawas,13,Sarawak,,,,,,,20.0,18.8,1.2,8.2,70.9,5.2,2021
